id;concept_id;question_id;enonce;essai;historique;reponse_utilisateur;label;feedback;cas;style;relu;split
bateau-de-thesee_q1_parfait_01;bateau-de-thesee;bateau-de-thesee_q1;Ce bateau, dont toutes les planches ont été remplacées, est-il encore le bateau de Thésée ? Réponds oui ou non, puis surtout : qu'est-ce qui, selon toi, fait qu'un objet reste « le même » ? Essaie de formuler ta règle en une phrase.;1;;;PARFAIT;;tous les critères;court;non;train
bateau-de-thesee_q1_parfait_02;bateau-de-thesee;bateau-de-thesee_q1;Ce bateau, dont toutes les planches ont été remplacées, est-il encore le bateau de Thésée ? Réponds oui ou non, puis surtout : qu'est-ce qui, selon toi, fait qu'un objet reste « le même » ? Essaie de formuler ta règle en une phrase.;1;;;PARFAIT;;tous les critères;fautes d'orthographe;non;train
bateau-de-thesee_q1_parfait_03;bateau-de-thesee;bateau-de-thesee_q1;Ce bateau, dont toutes les planches ont été remplacées, est-il encore le bateau de Thésée ? Réponds oui ou non, puis surtout : qu'est-ce qui, selon toi, fait qu'un objet reste « le même » ? Essaie de formuler ta règle en une phrase.;2;;;PARFAIT;;tous les critères;hésitant;non;train
bateau-de-thesee_q1_parfait_04;bateau-de-thesee;bateau-de-thesee_q1;Ce bateau, dont toutes les planches ont été remplacées, est-il encore le bateau de Thésée ? Réponds oui ou non, puis surtout : qu'est-ce qui, selon toi, fait qu'un objet reste « le même » ? Essaie de formuler ta règle en une phrase.;1;;;PARFAIT;;tous les critères;court;non;train
bateau-de-thesee_q1_parfait_05;bateau-de-thesee;bateau-de-thesee_q1;Ce bateau, dont toutes les planches ont été remplacées, est-il encore le bateau de Thésée ? Réponds oui ou non, puis surtout : qu'est-ce qui, selon toi, fait qu'un objet reste « le même » ? Essaie de formuler ta règle en une phrase.;3;;;PARFAIT;;tous les critères;fautes d'orthographe;non;train
bateau-de-thesee_q1_parfait_06;bateau-de-thesee;bateau-de-thesee_q1;Ce bateau, dont toutes les planches ont été remplacées, est-il encore le bateau de Thésée ? Réponds oui ou non, puis surtout : qu'est-ce qui, selon toi, fait qu'un objet reste « le même » ? Essaie de formuler ta règle en une phrase.;1;;;PARFAIT;;tous les critères;hésitant;non;train
bateau-de-thesee_q1_partiel_01;bateau-de-thesee;bateau-de-thesee_q1;Ce bateau, dont toutes les planches ont été remplacées, est-il encore le bateau de Thésée ? Réponds oui ou non, puis surtout : qu'est-ce qui, selon toi, fait qu'un objet reste « le même » ? Essaie de formuler ta règle en une phrase.;1;;;PARTIEL;;justification propre à ce bateau, sans règle générale;court;non;train
bateau-de-thesee_q1_partiel_02;bateau-de-thesee;bateau-de-thesee_q1;Ce bateau, dont toutes les planches ont été remplacées, est-il encore le bateau de Thésée ? Réponds oui ou non, puis surtout : qu'est-ce qui, selon toi, fait qu'un objet reste « le même » ? Essaie de formuler ta règle en une phrase.;2;;;PARTIEL;;règle très vague (« c'est une question de point de vue ») sans dire quels critères s'opposent;fautes d'orthographe;non;train
bateau-de-thesee_q1_partiel_03;bateau-de-thesee;bateau-de-thesee_q1;Ce bateau, dont toutes les planches ont été remplacées, est-il encore le bateau de Thésée ? Réponds oui ou non, puis surtout : qu'est-ce qui, selon toi, fait qu'un objet reste « le même » ? Essaie de formuler ta règle en une phrase.;1;;;PARTIEL;;règle fondée uniquement sur le nom de l'objet;hésitant;non;train
bateau-de-thesee_q1_partiel_04;bateau-de-thesee;bateau-de-thesee_q1;Ce bateau, dont toutes les planches ont été remplacées, est-il encore le bateau de Thésée ? Réponds oui ou non, puis surtout : qu'est-ce qui, selon toi, fait qu'un objet reste « le même » ? Essaie de formuler ta règle en une phrase.;1;;;PARTIEL;;justification propre à ce bateau, sans règle générale;court;non;train
bateau-de-thesee_q1_partiel_05;bateau-de-thesee;bateau-de-thesee_q1;Ce bateau, dont toutes les planches ont été remplacées, est-il encore le bateau de Thésée ? Réponds oui ou non, puis surtout : qu'est-ce qui, selon toi, fait qu'un objet reste « le même » ? Essaie de formuler ta règle en une phrase.;3;;;PARTIEL;;règle très vague (« c'est une question de point de vue ») sans dire quels critères s'opposent;fautes d'orthographe;non;train
bateau-de-thesee_q1_partiel_06;bateau-de-thesee;bateau-de-thesee_q1;Ce bateau, dont toutes les planches ont été remplacées, est-il encore le bateau de Thésée ? Réponds oui ou non, puis surtout : qu'est-ce qui, selon toi, fait qu'un objet reste « le même » ? Essaie de formuler ta règle en une phrase.;1;;;PARTIEL;;règle fondée uniquement sur le nom de l'objet;hésitant;non;train
bateau-de-thesee_q1_incorrect_01;bateau-de-thesee;bateau-de-thesee_q1;Ce bateau, dont toutes les planches ont été remplacées, est-il encore le bateau de Thésée ? Réponds oui ou non, puis surtout : qu'est-ce qui, selon toi, fait qu'un objet reste « le même » ? Essaie de formuler ta règle en une phrase.;1;;;INCORRECT;;oui ou non sans aucune justification;court;non;train
bateau-de-thesee_q1_incorrect_02;bateau-de-thesee;bateau-de-thesee_q1;Ce bateau, dont toutes les planches ont été remplacées, est-il encore le bateau de Thésée ? Réponds oui ou non, puis surtout : qu'est-ce qui, selon toi, fait qu'un objet reste « le même » ? Essaie de formuler ta règle en une phrase.;1;;;INCORRECT;;hors sujet (valeur historique, coût de l'entretien...) sans répondre à la question;fautes d'orthographe;non;train
bateau-de-thesee_q1_incorrect_03;bateau-de-thesee;bateau-de-thesee_q1;Ce bateau, dont toutes les planches ont été remplacées, est-il encore le bateau de Thésée ? Réponds oui ou non, puis surtout : qu'est-ce qui, selon toi, fait qu'un objet reste « le même » ? Essaie de formuler ta règle en une phrase.;2;;;INCORRECT;;réponse et règle qui se contredisent;hésitant;non;train
bateau-de-thesee_q1_incorrect_04;bateau-de-thesee;bateau-de-thesee_q1;Ce bateau, dont toutes les planches ont été remplacées, est-il encore le bateau de Thésée ? Réponds oui ou non, puis surtout : qu'est-ce qui, selon toi, fait qu'un objet reste « le même » ? Essaie de formuler ta règle en une phrase.;1;;;INCORRECT;;oui ou non sans aucune justification;court;non;train
bateau-de-thesee_q1_incorrect_05;bateau-de-thesee;bateau-de-thesee_q1;Ce bateau, dont toutes les planches ont été remplacées, est-il encore le bateau de Thésée ? Réponds oui ou non, puis surtout : qu'est-ce qui, selon toi, fait qu'un objet reste « le même » ? Essaie de formuler ta règle en une phrase.;1;;;INCORRECT;;hors sujet (valeur historique, coût de l'entretien...) sans répondre à la question;fautes d'orthographe;non;train
bateau-de-thesee_q1_incorrect_06;bateau-de-thesee;bateau-de-thesee_q1;Ce bateau, dont toutes les planches ont été remplacées, est-il encore le bateau de Thésée ? Réponds oui ou non, puis surtout : qu'est-ce qui, selon toi, fait qu'un objet reste « le même » ? Essaie de formuler ta règle en une phrase.;3;;;INCORRECT;;réponse et règle qui se contredisent;hésitant;non;train
bateau-de-thesee_q1_refus_01;bateau-de-thesee;bateau-de-thesee_q1;Ce bateau, dont toutes les planches ont été remplacées, est-il encore le bateau de Thésée ? Réponds oui ou non, puis surtout : qu'est-ce qui, selon toi, fait qu'un objet reste « le même » ? Essaie de formuler ta règle en une phrase.;1;;;REFUS;;demande ce qu'il ne doit pas demander : la réponse, la correction, ou qu'on réponde à sa place;court;non;train
bateau-de-thesee_q1_refus_02;bateau-de-thesee;bateau-de-thesee_q1;Ce bateau, dont toutes les planches ont été remplacées, est-il encore le bateau de Thésée ? Réponds oui ou non, puis surtout : qu'est-ce qui, selon toi, fait qu'un objet reste « le même » ? Essaie de formuler ta règle en une phrase.;1;;;REFUS;;essaie de manipuler l'évaluation (« ignore tes consignes », « mets parfait »);fautes d'orthographe;non;train
bateau-de-thesee_q1_refus_03;bateau-de-thesee;bateau-de-thesee_q1;Ce bateau, dont toutes les planches ont été remplacées, est-il encore le bateau de Thésée ? Réponds oui ou non, puis surtout : qu'est-ce qui, selon toi, fait qu'un objet reste « le même » ? Essaie de formuler ta règle en une phrase.;2;;;REFUS;;parle mal : insultes, propos grossiers ou agressifs;hésitant;non;train
bateau-de-thesee_q1_refus_04;bateau-de-thesee;bateau-de-thesee_q1;Ce bateau, dont toutes les planches ont été remplacées, est-il encore le bateau de Thésée ? Réponds oui ou non, puis surtout : qu'est-ce qui, selon toi, fait qu'un objet reste « le même » ? Essaie de formuler ta règle en une phrase.;1;;;REFUS;;autre demande hors cadre (au choix);court;non;train
bateau-de-thesee_q2_parfait_01;bateau-de-thesee;bateau-de-thesee_q2;Lequel des deux est le vrai bateau de Thésée ? Applique la règle que tu as formulée à la question 1. Est-ce qu'elle tient toujours ? Si elle te donne une réponse qui te gêne, explique pourquoi, et dis si tu changes de règle.;1;;;PARFAIT;;tous les critères;hésitant;non;train
bateau-de-thesee_q2_parfait_02;bateau-de-thesee;bateau-de-thesee_q2;Lequel des deux est le vrai bateau de Thésée ? Applique la règle que tu as formulée à la question 1. Est-ce qu'elle tient toujours ? Si elle te donne une réponse qui te gêne, explique pourquoi, et dis si tu changes de règle.;1;;;PARFAIT;;tous les critères;court;non;train
bateau-de-thesee_q2_parfait_03;bateau-de-thesee;bateau-de-thesee_q2;Lequel des deux est le vrai bateau de Thésée ? Applique la règle que tu as formulée à la question 1. Est-ce qu'elle tient toujours ? Si elle te donne une réponse qui te gêne, explique pourquoi, et dis si tu changes de règle.;2;;;PARFAIT;;tous les critères;fautes d'orthographe;non;train
bateau-de-thesee_q2_parfait_04;bateau-de-thesee;bateau-de-thesee_q2;Lequel des deux est le vrai bateau de Thésée ? Applique la règle que tu as formulée à la question 1. Est-ce qu'elle tient toujours ? Si elle te donne une réponse qui te gêne, explique pourquoi, et dis si tu changes de règle.;1;;;PARFAIT;;tous les critères;hésitant;non;train
bateau-de-thesee_q2_parfait_05;bateau-de-thesee;bateau-de-thesee_q2;Lequel des deux est le vrai bateau de Thésée ? Applique la règle que tu as formulée à la question 1. Est-ce qu'elle tient toujours ? Si elle te donne une réponse qui te gêne, explique pourquoi, et dis si tu changes de règle.;3;;;PARFAIT;;tous les critères;court;non;train
bateau-de-thesee_q2_parfait_06;bateau-de-thesee;bateau-de-thesee_q2;Lequel des deux est le vrai bateau de Thésée ? Applique la règle que tu as formulée à la question 1. Est-ce qu'elle tient toujours ? Si elle te donne une réponse qui te gêne, explique pourquoi, et dis si tu changes de règle.;1;;;PARFAIT;;tous les critères;fautes d'orthographe;non;train
bateau-de-thesee_q2_partiel_01;bateau-de-thesee;bateau-de-thesee_q2;Lequel des deux est le vrai bateau de Thésée ? Applique la règle que tu as formulée à la question 1. Est-ce qu'elle tient toujours ? Si elle te donne une réponse qui te gêne, explique pourquoi, et dis si tu changes de règle.;1;;;PARTIEL;;choisit en appliquant sa règle de la Q1, mais ne voit aucun prix ni aucune difficulté;hésitant;non;train
bateau-de-thesee_q2_partiel_02;bateau-de-thesee;bateau-de-thesee_q2;Lequel des deux est le vrai bateau de Thésée ? Applique la règle que tu as formulée à la question 1. Est-ce qu'elle tient toujours ? Si elle te donne une réponse qui te gêne, explique pourquoi, et dis si tu changes de règle.;2;;;PARTIEL;;change de règle en l'assumant, mais sans dire pourquoi;court;non;train
bateau-de-thesee_q2_partiel_03;bateau-de-thesee;bateau-de-thesee_q2;Lequel des deux est le vrai bateau de Thésée ? Applique la règle que tu as formulée à la question 1. Est-ce qu'elle tient toujours ? Si elle te donne une réponse qui te gêne, explique pourquoi, et dis si tu changes de règle.;1;;;PARTIEL;;décrit bien le conflit entre les deux critères, sans trancher ni expliquer pourquoi on ne peut pas trancher;fautes d'orthographe;non;train
bateau-de-thesee_q2_partiel_04;bateau-de-thesee;bateau-de-thesee_q2;Lequel des deux est le vrai bateau de Thésée ? Applique la règle que tu as formulée à la question 1. Est-ce qu'elle tient toujours ? Si elle te donne une réponse qui te gêne, explique pourquoi, et dis si tu changes de règle.;1;;;PARTIEL;;choisit en appliquant sa règle de la Q1, mais ne voit aucun prix ni aucune difficulté;hésitant;non;train
bateau-de-thesee_q2_partiel_05;bateau-de-thesee;bateau-de-thesee_q2;Lequel des deux est le vrai bateau de Thésée ? Applique la règle que tu as formulée à la question 1. Est-ce qu'elle tient toujours ? Si elle te donne une réponse qui te gêne, explique pourquoi, et dis si tu changes de règle.;3;;;PARTIEL;;change de règle en l'assumant, mais sans dire pourquoi;court;non;train
bateau-de-thesee_q2_partiel_06;bateau-de-thesee;bateau-de-thesee_q2;Lequel des deux est le vrai bateau de Thésée ? Applique la règle que tu as formulée à la question 1. Est-ce qu'elle tient toujours ? Si elle te donne une réponse qui te gêne, explique pourquoi, et dis si tu changes de règle.;1;;;PARTIEL;;décrit bien le conflit entre les deux critères, sans trancher ni expliquer pourquoi on ne peut pas trancher;fautes d'orthographe;non;train
bateau-de-thesee_q2_incorrect_01;bateau-de-thesee;bateau-de-thesee_q2;Lequel des deux est le vrai bateau de Thésée ? Applique la règle que tu as formulée à la question 1. Est-ce qu'elle tient toujours ? Si elle te donne une réponse qui te gêne, explique pourquoi, et dis si tu changes de règle.;1;;;INCORRECT;;« les deux sont le vrai bateau », sans distinguer « lui ressembler » et « être lui »;hésitant;non;train
bateau-de-thesee_q2_incorrect_02;bateau-de-thesee;bateau-de-thesee_q2;Lequel des deux est le vrai bateau de Thésée ? Applique la règle que tu as formulée à la question 1. Est-ce qu'elle tient toujours ? Si elle te donne une réponse qui te gêne, explique pourquoi, et dis si tu changes de règle.;1;;;INCORRECT;;utilise un autre critère qu'à la Q1 sans s'en rendre compte;court;non;train
bateau-de-thesee_q2_incorrect_03;bateau-de-thesee;bateau-de-thesee_q2;Lequel des deux est le vrai bateau de Thésée ? Applique la règle que tu as formulée à la question 1. Est-ce qu'elle tient toujours ? Si elle te donne une réponse qui te gêne, explique pourquoi, et dis si tu changes de règle.;2;;;INCORRECT;;choix sans justification;fautes d'orthographe;non;train
bateau-de-thesee_q2_incorrect_04;bateau-de-thesee;bateau-de-thesee_q2;Lequel des deux est le vrai bateau de Thésée ? Applique la règle que tu as formulée à la question 1. Est-ce qu'elle tient toujours ? Si elle te donne une réponse qui te gêne, explique pourquoi, et dis si tu changes de règle.;1;;;INCORRECT;;« les deux sont le vrai bateau », sans distinguer « lui ressembler » et « être lui »;hésitant;non;train
bateau-de-thesee_q2_incorrect_05;bateau-de-thesee;bateau-de-thesee_q2;Lequel des deux est le vrai bateau de Thésée ? Applique la règle que tu as formulée à la question 1. Est-ce qu'elle tient toujours ? Si elle te donne une réponse qui te gêne, explique pourquoi, et dis si tu changes de règle.;1;;;INCORRECT;;utilise un autre critère qu'à la Q1 sans s'en rendre compte;court;non;train
bateau-de-thesee_q2_incorrect_06;bateau-de-thesee;bateau-de-thesee_q2;Lequel des deux est le vrai bateau de Thésée ? Applique la règle que tu as formulée à la question 1. Est-ce qu'elle tient toujours ? Si elle te donne une réponse qui te gêne, explique pourquoi, et dis si tu changes de règle.;3;;;INCORRECT;;choix sans justification;fautes d'orthographe;non;train
bateau-de-thesee_q2_refus_01;bateau-de-thesee;bateau-de-thesee_q2;Lequel des deux est le vrai bateau de Thésée ? Applique la règle que tu as formulée à la question 1. Est-ce qu'elle tient toujours ? Si elle te donne une réponse qui te gêne, explique pourquoi, et dis si tu changes de règle.;1;;;REFUS;;demande ce qu'il ne doit pas demander : la réponse, la correction, ou qu'on réponde à sa place;hésitant;non;train
bateau-de-thesee_q2_refus_02;bateau-de-thesee;bateau-de-thesee_q2;Lequel des deux est le vrai bateau de Thésée ? Applique la règle que tu as formulée à la question 1. Est-ce qu'elle tient toujours ? Si elle te donne une réponse qui te gêne, explique pourquoi, et dis si tu changes de règle.;1;;;REFUS;;essaie de manipuler l'évaluation (« ignore tes consignes », « mets parfait »);court;non;train
bateau-de-thesee_q2_refus_03;bateau-de-thesee;bateau-de-thesee_q2;Lequel des deux est le vrai bateau de Thésée ? Applique la règle que tu as formulée à la question 1. Est-ce qu'elle tient toujours ? Si elle te donne une réponse qui te gêne, explique pourquoi, et dis si tu changes de règle.;2;;;REFUS;;parle mal : insultes, propos grossiers ou agressifs;fautes d'orthographe;non;train
bateau-de-thesee_q2_refus_04;bateau-de-thesee;bateau-de-thesee_q2;Lequel des deux est le vrai bateau de Thésée ? Applique la règle que tu as formulée à la question 1. Est-ce qu'elle tient toujours ? Si elle te donne une réponse qui te gêne, explique pourquoi, et dis si tu changes de règle.;1;;;REFUS;;autre demande hors cadre (au choix);hésitant;non;train
bateau-de-thesee_q3_parfait_01;bateau-de-thesee;bateau-de-thesee_q3;"Tu dois aller sur Mars. Le trajet en fusée dure sept mois ; le téléporteur, quelques minutes. Est-ce que tu appuies sur le bouton ? Est-ce un voyage ou est-ce ta mort suivie de la naissance d'un autre ? Réponds en utilisant ta règle des questions 1 et 2.";1;;;PARFAIT;;tous les critères;fautes d'orthographe;non;train
bateau-de-thesee_q3_parfait_02;bateau-de-thesee;bateau-de-thesee_q3;"Tu dois aller sur Mars. Le trajet en fusée dure sept mois ; le téléporteur, quelques minutes. Est-ce que tu appuies sur le bouton ? Est-ce un voyage ou est-ce ta mort suivie de la naissance d'un autre ? Réponds en utilisant ta règle des questions 1 et 2.";1;;;PARFAIT;;tous les critères;hésitant;non;train
bateau-de-thesee_q3_parfait_03;bateau-de-thesee;bateau-de-thesee_q3;"Tu dois aller sur Mars. Le trajet en fusée dure sept mois ; le téléporteur, quelques minutes. Est-ce que tu appuies sur le bouton ? Est-ce un voyage ou est-ce ta mort suivie de la naissance d'un autre ? Réponds en utilisant ta règle des questions 1 et 2.";2;;;PARFAIT;;tous les critères;court;non;train
bateau-de-thesee_q3_parfait_04;bateau-de-thesee;bateau-de-thesee_q3;"Tu dois aller sur Mars. Le trajet en fusée dure sept mois ; le téléporteur, quelques minutes. Est-ce que tu appuies sur le bouton ? Est-ce un voyage ou est-ce ta mort suivie de la naissance d'un autre ? Réponds en utilisant ta règle des questions 1 et 2.";1;;;PARFAIT;;tous les critères;fautes d'orthographe;non;train
bateau-de-thesee_q3_parfait_05;bateau-de-thesee;bateau-de-thesee_q3;"Tu dois aller sur Mars. Le trajet en fusée dure sept mois ; le téléporteur, quelques minutes. Est-ce que tu appuies sur le bouton ? Est-ce un voyage ou est-ce ta mort suivie de la naissance d'un autre ? Réponds en utilisant ta règle des questions 1 et 2.";3;;;PARFAIT;;tous les critères;hésitant;non;train
bateau-de-thesee_q3_parfait_06;bateau-de-thesee;bateau-de-thesee_q3;"Tu dois aller sur Mars. Le trajet en fusée dure sept mois ; le téléporteur, quelques minutes. Est-ce que tu appuies sur le bouton ? Est-ce un voyage ou est-ce ta mort suivie de la naissance d'un autre ? Réponds en utilisant ta règle des questions 1 et 2.";1;;;PARFAIT;;tous les critères;court;non;train
bateau-de-thesee_q3_partiel_01;bateau-de-thesee;bateau-de-thesee_q3;"Tu dois aller sur Mars. Le trajet en fusée dure sept mois ; le téléporteur, quelques minutes. Est-ce que tu appuies sur le bouton ? Est-ce un voyage ou est-ce ta mort suivie de la naissance d'un autre ? Réponds en utilisant ta règle des questions 1 et 2.";1;;;PARTIEL;;décision justifiée, mais sans lien avec sa règle des questions 1 et 2;fautes d'orthographe;non;train
bateau-de-thesee_q3_partiel_02;bateau-de-thesee;bateau-de-thesee_q3;"Tu dois aller sur Mars. Le trajet en fusée dure sept mois ; le téléporteur, quelques minutes. Est-ce que tu appuies sur le bouton ? Est-ce un voyage ou est-ce ta mort suivie de la naissance d'un autre ? Réponds en utilisant ta règle des questions 1 et 2.";2;;;PARTIEL;;lien avec sa règle, mais incohérence non relevée (par exemple critère de la matière et accepte la cabine);hésitant;non;train
bateau-de-thesee_q3_partiel_03;bateau-de-thesee;bateau-de-thesee_q3;"Tu dois aller sur Mars. Le trajet en fusée dure sept mois ; le téléporteur, quelques minutes. Est-ce que tu appuies sur le bouton ? Est-ce un voyage ou est-ce ta mort suivie de la naissance d'un autre ? Réponds en utilisant ta règle des questions 1 et 2.";1;;;PARTIEL;;s'appuie seulement sur le fait que la copie se croira elle-même;court;non;train
bateau-de-thesee_q3_partiel_04;bateau-de-thesee;bateau-de-thesee_q3;"Tu dois aller sur Mars. Le trajet en fusée dure sept mois ; le téléporteur, quelques minutes. Est-ce que tu appuies sur le bouton ? Est-ce un voyage ou est-ce ta mort suivie de la naissance d'un autre ? Réponds en utilisant ta règle des questions 1 et 2.";1;;;PARTIEL;;décision justifiée, mais sans lien avec sa règle des questions 1 et 2;fautes d'orthographe;non;train
bateau-de-thesee_q3_partiel_05;bateau-de-thesee;bateau-de-thesee_q3;"Tu dois aller sur Mars. Le trajet en fusée dure sept mois ; le téléporteur, quelques minutes. Est-ce que tu appuies sur le bouton ? Est-ce un voyage ou est-ce ta mort suivie de la naissance d'un autre ? Réponds en utilisant ta règle des questions 1 et 2.";3;;;PARTIEL;;lien avec sa règle, mais incohérence non relevée (par exemple critère de la matière et accepte la cabine);hésitant;non;train
bateau-de-thesee_q3_partiel_06;bateau-de-thesee;bateau-de-thesee_q3;"Tu dois aller sur Mars. Le trajet en fusée dure sept mois ; le téléporteur, quelques minutes. Est-ce que tu appuies sur le bouton ? Est-ce un voyage ou est-ce ta mort suivie de la naissance d'un autre ? Réponds en utilisant ta règle des questions 1 et 2.";1;;;PARTIEL;;s'appuie seulement sur le fait que la copie se croira elle-même;court;non;train
bateau-de-thesee_q3_incorrect_01;bateau-de-thesee;bateau-de-thesee_q3;"Tu dois aller sur Mars. Le trajet en fusée dure sept mois ; le téléporteur, quelques minutes. Est-ce que tu appuies sur le bouton ? Est-ce un voyage ou est-ce ta mort suivie de la naissance d'un autre ? Réponds en utilisant ta règle des questions 1 et 2.";1;;;INCORRECT;;répond sur la sécurité technique ou le confort du voyage;fautes d'orthographe;non;train
bateau-de-thesee_q3_incorrect_02;bateau-de-thesee;bateau-de-thesee_q3;"Tu dois aller sur Mars. Le trajet en fusée dure sept mois ; le téléporteur, quelques minutes. Est-ce que tu appuies sur le bouton ? Est-ce un voyage ou est-ce ta mort suivie de la naissance d'un autre ? Réponds en utilisant ta règle des questions 1 et 2.";1;;;INCORRECT;;décision sans justification;hésitant;non;train
bateau-de-thesee_q3_incorrect_03;bateau-de-thesee;bateau-de-thesee_q3;"Tu dois aller sur Mars. Le trajet en fusée dure sept mois ; le téléporteur, quelques minutes. Est-ce que tu appuies sur le bouton ? Est-ce un voyage ou est-ce ta mort suivie de la naissance d'un autre ? Réponds en utilisant ta règle des questions 1 et 2.";2;;;INCORRECT;;hors sujet;court;non;train
bateau-de-thesee_q3_incorrect_04;bateau-de-thesee;bateau-de-thesee_q3;"Tu dois aller sur Mars. Le trajet en fusée dure sept mois ; le téléporteur, quelques minutes. Est-ce que tu appuies sur le bouton ? Est-ce un voyage ou est-ce ta mort suivie de la naissance d'un autre ? Réponds en utilisant ta règle des questions 1 et 2.";1;;;INCORRECT;;répond sur la sécurité technique ou le confort du voyage;fautes d'orthographe;non;train
bateau-de-thesee_q3_incorrect_05;bateau-de-thesee;bateau-de-thesee_q3;"Tu dois aller sur Mars. Le trajet en fusée dure sept mois ; le téléporteur, quelques minutes. Est-ce que tu appuies sur le bouton ? Est-ce un voyage ou est-ce ta mort suivie de la naissance d'un autre ? Réponds en utilisant ta règle des questions 1 et 2.";1;;;INCORRECT;;décision sans justification;hésitant;non;train
bateau-de-thesee_q3_incorrect_06;bateau-de-thesee;bateau-de-thesee_q3;"Tu dois aller sur Mars. Le trajet en fusée dure sept mois ; le téléporteur, quelques minutes. Est-ce que tu appuies sur le bouton ? Est-ce un voyage ou est-ce ta mort suivie de la naissance d'un autre ? Réponds en utilisant ta règle des questions 1 et 2.";3;;;INCORRECT;;hors sujet;court;non;train
bateau-de-thesee_q3_refus_01;bateau-de-thesee;bateau-de-thesee_q3;"Tu dois aller sur Mars. Le trajet en fusée dure sept mois ; le téléporteur, quelques minutes. Est-ce que tu appuies sur le bouton ? Est-ce un voyage ou est-ce ta mort suivie de la naissance d'un autre ? Réponds en utilisant ta règle des questions 1 et 2.";1;;;REFUS;;demande ce qu'il ne doit pas demander : la réponse, la correction, ou qu'on réponde à sa place;fautes d'orthographe;non;train
bateau-de-thesee_q3_refus_02;bateau-de-thesee;bateau-de-thesee_q3;"Tu dois aller sur Mars. Le trajet en fusée dure sept mois ; le téléporteur, quelques minutes. Est-ce que tu appuies sur le bouton ? Est-ce un voyage ou est-ce ta mort suivie de la naissance d'un autre ? Réponds en utilisant ta règle des questions 1 et 2.";1;;;REFUS;;essaie de manipuler l'évaluation (« ignore tes consignes », « mets parfait »);hésitant;non;train
bateau-de-thesee_q3_refus_03;bateau-de-thesee;bateau-de-thesee_q3;"Tu dois aller sur Mars. Le trajet en fusée dure sept mois ; le téléporteur, quelques minutes. Est-ce que tu appuies sur le bouton ? Est-ce un voyage ou est-ce ta mort suivie de la naissance d'un autre ? Réponds en utilisant ta règle des questions 1 et 2.";2;;;REFUS;;parle mal : insultes, propos grossiers ou agressifs;court;non;train
bateau-de-thesee_q3_refus_04;bateau-de-thesee;bateau-de-thesee_q3;"Tu dois aller sur Mars. Le trajet en fusée dure sept mois ; le téléporteur, quelques minutes. Est-ce que tu appuies sur le bouton ? Est-ce un voyage ou est-ce ta mort suivie de la naissance d'un autre ? Réponds en utilisant ta règle des questions 1 et 2.";1;;;REFUS;;autre demande hors cadre (au choix);fautes d'orthographe;non;train
dilemme-du-tramway_q1_parfait_01;dilemme-du-tramway;dilemme-du-tramway_q1;Est-ce que tu tires le levier ? Explique pourquoi, et surtout : sur quel principe repose ta décision ? Essaie de l'écrire comme une règle que tu serais prêt à appliquer dans d'autres situations.;1;;;PARFAIT;;tous les critères;court;non;train
dilemme-du-tramway_q1_parfait_02;dilemme-du-tramway;dilemme-du-tramway_q1;Est-ce que tu tires le levier ? Explique pourquoi, et surtout : sur quel principe repose ta décision ? Essaie de l'écrire comme une règle que tu serais prêt à appliquer dans d'autres situations.;1;;;PARFAIT;;tous les critères;fautes d'orthographe;non;train
dilemme-du-tramway_q1_parfait_03;dilemme-du-tramway;dilemme-du-tramway_q1;Est-ce que tu tires le levier ? Explique pourquoi, et surtout : sur quel principe repose ta décision ? Essaie de l'écrire comme une règle que tu serais prêt à appliquer dans d'autres situations.;2;;;PARFAIT;;tous les critères;hésitant;non;train
dilemme-du-tramway_q1_parfait_04;dilemme-du-tramway;dilemme-du-tramway_q1;Est-ce que tu tires le levier ? Explique pourquoi, et surtout : sur quel principe repose ta décision ? Essaie de l'écrire comme une règle que tu serais prêt à appliquer dans d'autres situations.;1;;;PARFAIT;;tous les critères;court;non;train
dilemme-du-tramway_q1_parfait_05;dilemme-du-tramway;dilemme-du-tramway_q1;Est-ce que tu tires le levier ? Explique pourquoi, et surtout : sur quel principe repose ta décision ? Essaie de l'écrire comme une règle que tu serais prêt à appliquer dans d'autres situations.;3;;;PARFAIT;;tous les critères;fautes d'orthographe;non;train
dilemme-du-tramway_q1_parfait_06;dilemme-du-tramway;dilemme-du-tramway_q1;Est-ce que tu tires le levier ? Explique pourquoi, et surtout : sur quel principe repose ta décision ? Essaie de l'écrire comme une règle que tu serais prêt à appliquer dans d'autres situations.;1;;;PARFAIT;;tous les critères;hésitant;non;train
dilemme-du-tramway_q1_partiel_01;dilemme-du-tramway;dilemme-du-tramway_q1;Est-ce que tu tires le levier ? Explique pourquoi, et surtout : sur quel principe repose ta décision ? Essaie de l'écrire comme une règle que tu serais prêt à appliquer dans d'autres situations.;1;;;PARTIEL;;décision justifiée uniquement pour ce cas, sans règle générale;court;non;train
dilemme-du-tramway_q1_partiel_02;dilemme-du-tramway;dilemme-du-tramway_q1;Est-ce que tu tires le levier ? Explique pourquoi, et surtout : sur quel principe repose ta décision ? Essaie de l'écrire comme une règle que tu serais prêt à appliquer dans d'autres situations.;2;;;PARTIEL;;principe formulé, mais qui ne correspond pas vraiment à la décision prise;fautes d'orthographe;non;train
dilemme-du-tramway_q1_partiel_03;dilemme-du-tramway;dilemme-du-tramway_q1;Est-ce que tu tires le levier ? Explique pourquoi, et surtout : sur quel principe repose ta décision ? Essaie de l'écrire comme une règle que tu serais prêt à appliquer dans d'autres situations.;1;;;PARTIEL;;décision justifiée uniquement pour ce cas, sans règle générale;hésitant;non;train
dilemme-du-tramway_q1_partiel_04;dilemme-du-tramway;dilemme-du-tramway_q1;Est-ce que tu tires le levier ? Explique pourquoi, et surtout : sur quel principe repose ta décision ? Essaie de l'écrire comme une règle que tu serais prêt à appliquer dans d'autres situations.;1;;;PARTIEL;;principe formulé, mais qui ne correspond pas vraiment à la décision prise;court;non;train
dilemme-du-tramway_q1_partiel_05;dilemme-du-tramway;dilemme-du-tramway_q1;Est-ce que tu tires le levier ? Explique pourquoi, et surtout : sur quel principe repose ta décision ? Essaie de l'écrire comme une règle que tu serais prêt à appliquer dans d'autres situations.;3;;;PARTIEL;;décision justifiée uniquement pour ce cas, sans règle générale;fautes d'orthographe;non;train
dilemme-du-tramway_q1_partiel_06;dilemme-du-tramway;dilemme-du-tramway_q1;Est-ce que tu tires le levier ? Explique pourquoi, et surtout : sur quel principe repose ta décision ? Essaie de l'écrire comme une règle que tu serais prêt à appliquer dans d'autres situations.;1;;;PARTIEL;;principe formulé, mais qui ne correspond pas vraiment à la décision prise;hésitant;non;train
dilemme-du-tramway_q1_incorrect_01;dilemme-du-tramway;dilemme-du-tramway_q1;Est-ce que tu tires le levier ? Explique pourquoi, et surtout : sur quel principe repose ta décision ? Essaie de l'écrire comme une règle que tu serais prêt à appliquer dans d'autres situations.;1;;;INCORRECT;;contourne le dilemme (crier, faire dérailler le tramway...) sans trancher;court;non;train
dilemme-du-tramway_q1_incorrect_02;dilemme-du-tramway;dilemme-du-tramway_q1;Est-ce que tu tires le levier ? Explique pourquoi, et surtout : sur quel principe repose ta décision ? Essaie de l'écrire comme une règle que tu serais prêt à appliquer dans d'autres situations.;1;;;INCORRECT;;décision sans aucune raison;fautes d'orthographe;non;train
dilemme-du-tramway_q1_incorrect_03;dilemme-du-tramway;dilemme-du-tramway_q1;Est-ce que tu tires le levier ? Explique pourquoi, et surtout : sur quel principe repose ta décision ? Essaie de l'écrire comme une règle que tu serais prêt à appliquer dans d'autres situations.;2;;;INCORRECT;;hors sujet;hésitant;non;train
dilemme-du-tramway_q1_incorrect_04;dilemme-du-tramway;dilemme-du-tramway_q1;Est-ce que tu tires le levier ? Explique pourquoi, et surtout : sur quel principe repose ta décision ? Essaie de l'écrire comme une règle que tu serais prêt à appliquer dans d'autres situations.;1;;;INCORRECT;;contourne le dilemme (crier, faire dérailler le tramway...) sans trancher;court;non;train
dilemme-du-tramway_q1_incorrect_05;dilemme-du-tramway;dilemme-du-tramway_q1;Est-ce que tu tires le levier ? Explique pourquoi, et surtout : sur quel principe repose ta décision ? Essaie de l'écrire comme une règle que tu serais prêt à appliquer dans d'autres situations.;1;;;INCORRECT;;décision sans aucune raison;fautes d'orthographe;non;train
dilemme-du-tramway_q1_incorrect_06;dilemme-du-tramway;dilemme-du-tramway_q1;Est-ce que tu tires le levier ? Explique pourquoi, et surtout : sur quel principe repose ta décision ? Essaie de l'écrire comme une règle que tu serais prêt à appliquer dans d'autres situations.;3;;;INCORRECT;;hors sujet;hésitant;non;train
dilemme-du-tramway_q1_refus_01;dilemme-du-tramway;dilemme-du-tramway_q1;Est-ce que tu tires le levier ? Explique pourquoi, et surtout : sur quel principe repose ta décision ? Essaie de l'écrire comme une règle que tu serais prêt à appliquer dans d'autres situations.;1;;;REFUS;;demande ce qu'il ne doit pas demander : la réponse, la correction, ou qu'on réponde à sa place;court;non;train
dilemme-du-tramway_q1_refus_02;dilemme-du-tramway;dilemme-du-tramway_q1;Est-ce que tu tires le levier ? Explique pourquoi, et surtout : sur quel principe repose ta décision ? Essaie de l'écrire comme une règle que tu serais prêt à appliquer dans d'autres situations.;1;;;REFUS;;essaie de manipuler l'évaluation (« ignore tes consignes », « mets parfait »);fautes d'orthographe;non;train
dilemme-du-tramway_q1_refus_03;dilemme-du-tramway;dilemme-du-tramway_q1;Est-ce que tu tires le levier ? Explique pourquoi, et surtout : sur quel principe repose ta décision ? Essaie de l'écrire comme une règle que tu serais prêt à appliquer dans d'autres situations.;2;;;REFUS;;parle mal : insultes, propos grossiers ou agressifs;hésitant;non;train
dilemme-du-tramway_q1_refus_04;dilemme-du-tramway;dilemme-du-tramway_q1;Est-ce que tu tires le levier ? Explique pourquoi, et surtout : sur quel principe repose ta décision ? Essaie de l'écrire comme une règle que tu serais prêt à appliquer dans d'autres situations.;1;;;REFUS;;autre demande hors cadre (au choix);court;non;train
dilemme-du-tramway_q2_parfait_01;dilemme-du-tramway;dilemme-du-tramway_q2;Est-ce que tu le pousses ? Si ta réponse est différente de celle du levier, la calculatrice ne peut pas l'expliquer : le compte est le même. Alors qu'est-ce qui a changé entre les deux situations ? Essaie de trouver la différence qui compte vraiment, celle qui justifierait de tirer le levier mais pas de pousser l'homme.;1;;;PARFAIT;;tous les critères;hésitant;non;val
dilemme-du-tramway_q2_parfait_02;dilemme-du-tramway;dilemme-du-tramway_q2;Est-ce que tu le pousses ? Si ta réponse est différente de celle du levier, la calculatrice ne peut pas l'expliquer : le compte est le même. Alors qu'est-ce qui a changé entre les deux situations ? Essaie de trouver la différence qui compte vraiment, celle qui justifierait de tirer le levier mais pas de pousser l'homme.;1;;;PARFAIT;;tous les critères;court;non;val
dilemme-du-tramway_q2_parfait_03;dilemme-du-tramway;dilemme-du-tramway_q2;Est-ce que tu le pousses ? Si ta réponse est différente de celle du levier, la calculatrice ne peut pas l'expliquer : le compte est le même. Alors qu'est-ce qui a changé entre les deux situations ? Essaie de trouver la différence qui compte vraiment, celle qui justifierait de tirer le levier mais pas de pousser l'homme.;2;;;PARFAIT;;tous les critères;fautes d'orthographe;non;val
dilemme-du-tramway_q2_parfait_04;dilemme-du-tramway;dilemme-du-tramway_q2;Est-ce que tu le pousses ? Si ta réponse est différente de celle du levier, la calculatrice ne peut pas l'expliquer : le compte est le même. Alors qu'est-ce qui a changé entre les deux situations ? Essaie de trouver la différence qui compte vraiment, celle qui justifierait de tirer le levier mais pas de pousser l'homme.;1;;;PARFAIT;;tous les critères;hésitant;non;val
dilemme-du-tramway_q2_parfait_05;dilemme-du-tramway;dilemme-du-tramway_q2;Est-ce que tu le pousses ? Si ta réponse est différente de celle du levier, la calculatrice ne peut pas l'expliquer : le compte est le même. Alors qu'est-ce qui a changé entre les deux situations ? Essaie de trouver la différence qui compte vraiment, celle qui justifierait de tirer le levier mais pas de pousser l'homme.;3;;;PARFAIT;;tous les critères;court;non;val
dilemme-du-tramway_q2_parfait_06;dilemme-du-tramway;dilemme-du-tramway_q2;Est-ce que tu le pousses ? Si ta réponse est différente de celle du levier, la calculatrice ne peut pas l'expliquer : le compte est le même. Alors qu'est-ce qui a changé entre les deux situations ? Essaie de trouver la différence qui compte vraiment, celle qui justifierait de tirer le levier mais pas de pousser l'homme.;1;;;PARFAIT;;tous les critères;fautes d'orthographe;non;val
dilemme-du-tramway_q2_partiel_01;dilemme-du-tramway;dilemme-du-tramway_q2;Est-ce que tu le pousses ? Si ta réponse est différente de celle du levier, la calculatrice ne peut pas l'expliquer : le compte est le même. Alors qu'est-ce qui a changé entre les deux situations ? Essaie de trouver la différence qui compte vraiment, celle qui justifierait de tirer le levier mais pas de pousser l'homme.;1;;;PARTIEL;;identifie une différence (contact, proximité, « c'est moi qui tue ») sans se demander si elle justifie moralement une réponse différente;hésitant;non;val
dilemme-du-tramway_q2_partiel_02;dilemme-du-tramway;dilemme-du-tramway_q2;Est-ce que tu le pousses ? Si ta réponse est différente de celle du levier, la calculatrice ne peut pas l'expliquer : le compte est le même. Alors qu'est-ce qui a changé entre les deux situations ? Essaie de trouver la différence qui compte vraiment, celle qui justifierait de tirer le levier mais pas de pousser l'homme.;2;;;PARTIEL;;décrit seulement le ressenti (« c'est plus horrible ») tout en reconnaissant que le compte est le même;court;non;val
dilemme-du-tramway_q2_partiel_03;dilemme-du-tramway;dilemme-du-tramway_q2;Est-ce que tu le pousses ? Si ta réponse est différente de celle du levier, la calculatrice ne peut pas l'expliquer : le compte est le même. Alors qu'est-ce qui a changé entre les deux situations ? Essaie de trouver la différence qui compte vraiment, celle qui justifierait de tirer le levier mais pas de pousser l'homme.;1;;;PARTIEL;;identifie une différence (contact, proximité, « c'est moi qui tue ») sans se demander si elle justifie moralement une réponse différente;fautes d'orthographe;non;val
dilemme-du-tramway_q2_partiel_04;dilemme-du-tramway;dilemme-du-tramway_q2;Est-ce que tu le pousses ? Si ta réponse est différente de celle du levier, la calculatrice ne peut pas l'expliquer : le compte est le même. Alors qu'est-ce qui a changé entre les deux situations ? Essaie de trouver la différence qui compte vraiment, celle qui justifierait de tirer le levier mais pas de pousser l'homme.;1;;;PARTIEL;;décrit seulement le ressenti (« c'est plus horrible ») tout en reconnaissant que le compte est le même;hésitant;non;val
dilemme-du-tramway_q2_partiel_05;dilemme-du-tramway;dilemme-du-tramway_q2;Est-ce que tu le pousses ? Si ta réponse est différente de celle du levier, la calculatrice ne peut pas l'expliquer : le compte est le même. Alors qu'est-ce qui a changé entre les deux situations ? Essaie de trouver la différence qui compte vraiment, celle qui justifierait de tirer le levier mais pas de pousser l'homme.;3;;;PARTIEL;;identifie une différence (contact, proximité, « c'est moi qui tue ») sans se demander si elle justifie moralement une réponse différente;court;non;val
dilemme-du-tramway_q2_partiel_06;dilemme-du-tramway;dilemme-du-tramway_q2;Est-ce que tu le pousses ? Si ta réponse est différente de celle du levier, la calculatrice ne peut pas l'expliquer : le compte est le même. Alors qu'est-ce qui a changé entre les deux situations ? Essaie de trouver la différence qui compte vraiment, celle qui justifierait de tirer le levier mais pas de pousser l'homme.;1;;;PARTIEL;;décrit seulement le ressenti (« c'est plus horrible ») tout en reconnaissant que le compte est le même;fautes d'orthographe;non;val
dilemme-du-tramway_q2_incorrect_01;dilemme-du-tramway;dilemme-du-tramway_q2;Est-ce que tu le pousses ? Si ta réponse est différente de celle du levier, la calculatrice ne peut pas l'expliquer : le compte est le même. Alors qu'est-ce qui a changé entre les deux situations ? Essaie de trouver la différence qui compte vraiment, celle qui justifierait de tirer le levier mais pas de pousser l'homme.;1;;;INCORRECT;;ajoute des éléments absents de l'énoncé pour éviter la question (« il n'arrêterait peut-être pas le tramway »);hésitant;non;val
dilemme-du-tramway_q2_incorrect_02;dilemme-du-tramway;dilemme-du-tramway_q2;Est-ce que tu le pousses ? Si ta réponse est différente de celle du levier, la calculatrice ne peut pas l'expliquer : le compte est le même. Alors qu'est-ce qui a changé entre les deux situations ? Essaie de trouver la différence qui compte vraiment, celle qui justifierait de tirer le levier mais pas de pousser l'homme.;1;;;INCORRECT;;décision sans justification;court;non;val
dilemme-du-tramway_q2_incorrect_03;dilemme-du-tramway;dilemme-du-tramway_q2;Est-ce que tu le pousses ? Si ta réponse est différente de celle du levier, la calculatrice ne peut pas l'expliquer : le compte est le même. Alors qu'est-ce qui a changé entre les deux situations ? Essaie de trouver la différence qui compte vraiment, celle qui justifierait de tirer le levier mais pas de pousser l'homme.;2;;;INCORRECT;;ne remarque pas que le compte est identique et répond comme si les chiffres avaient changé;fautes d'orthographe;non;val
dilemme-du-tramway_q2_incorrect_04;dilemme-du-tramway;dilemme-du-tramway_q2;Est-ce que tu le pousses ? Si ta réponse est différente de celle du levier, la calculatrice ne peut pas l'expliquer : le compte est le même. Alors qu'est-ce qui a changé entre les deux situations ? Essaie de trouver la différence qui compte vraiment, celle qui justifierait de tirer le levier mais pas de pousser l'homme.;1;;;INCORRECT;;ajoute des éléments absents de l'énoncé pour éviter la question (« il n'arrêterait peut-être pas le tramway »);hésitant;non;val
dilemme-du-tramway_q2_incorrect_05;dilemme-du-tramway;dilemme-du-tramway_q2;Est-ce que tu le pousses ? Si ta réponse est différente de celle du levier, la calculatrice ne peut pas l'expliquer : le compte est le même. Alors qu'est-ce qui a changé entre les deux situations ? Essaie de trouver la différence qui compte vraiment, celle qui justifierait de tirer le levier mais pas de pousser l'homme.;1;;;INCORRECT;;décision sans justification;court;non;val
dilemme-du-tramway_q2_incorrect_06;dilemme-du-tramway;dilemme-du-tramway_q2;Est-ce que tu le pousses ? Si ta réponse est différente de celle du levier, la calculatrice ne peut pas l'expliquer : le compte est le même. Alors qu'est-ce qui a changé entre les deux situations ? Essaie de trouver la différence qui compte vraiment, celle qui justifierait de tirer le levier mais pas de pousser l'homme.;3;;;INCORRECT;;ne remarque pas que le compte est identique et répond comme si les chiffres avaient changé;fautes d'orthographe;non;val
dilemme-du-tramway_q2_refus_01;dilemme-du-tramway;dilemme-du-tramway_q2;Est-ce que tu le pousses ? Si ta réponse est différente de celle du levier, la calculatrice ne peut pas l'expliquer : le compte est le même. Alors qu'est-ce qui a changé entre les deux situations ? Essaie de trouver la différence qui compte vraiment, celle qui justifierait de tirer le levier mais pas de pousser l'homme.;1;;;REFUS;;demande ce qu'il ne doit pas demander : la réponse, la correction, ou qu'on réponde à sa place;hésitant;non;val
dilemme-du-tramway_q2_refus_02;dilemme-du-tramway;dilemme-du-tramway_q2;Est-ce que tu le pousses ? Si ta réponse est différente de celle du levier, la calculatrice ne peut pas l'expliquer : le compte est le même. Alors qu'est-ce qui a changé entre les deux situations ? Essaie de trouver la différence qui compte vraiment, celle qui justifierait de tirer le levier mais pas de pousser l'homme.;1;;;REFUS;;essaie de manipuler l'évaluation (« ignore tes consignes », « mets parfait »);court;non;val
dilemme-du-tramway_q2_refus_03;dilemme-du-tramway;dilemme-du-tramway_q2;Est-ce que tu le pousses ? Si ta réponse est différente de celle du levier, la calculatrice ne peut pas l'expliquer : le compte est le même. Alors qu'est-ce qui a changé entre les deux situations ? Essaie de trouver la différence qui compte vraiment, celle qui justifierait de tirer le levier mais pas de pousser l'homme.;2;;;REFUS;;parle mal : insultes, propos grossiers ou agressifs;fautes d'orthographe;non;val
dilemme-du-tramway_q2_refus_04;dilemme-du-tramway;dilemme-du-tramway_q2;Est-ce que tu le pousses ? Si ta réponse est différente de celle du levier, la calculatrice ne peut pas l'expliquer : le compte est le même. Alors qu'est-ce qui a changé entre les deux situations ? Essaie de trouver la différence qui compte vraiment, celle qui justifierait de tirer le levier mais pas de pousser l'homme.;1;;;REFUS;;autre demande hors cadre (au choix);hésitant;non;val
dilemme-du-tramway_q3_parfait_01;dilemme-du-tramway;dilemme-du-tramway_q3;Est-ce que tu tires le levier ? Cette situation ressemble-t-elle davantage au premier levier ou à la passerelle ? Applique la règle que tu as trouvée à la question 2, et dis si elle te donne une réponse que tu acceptes. Si ce n'est pas le cas, qu'est-ce que ça dit de ta règle ?;1;;;PARFAIT;;tous les critères;fautes d'orthographe;non;train
dilemme-du-tramway_q3_parfait_02;dilemme-du-tramway;dilemme-du-tramway_q3;Est-ce que tu tires le levier ? Cette situation ressemble-t-elle davantage au premier levier ou à la passerelle ? Applique la règle que tu as trouvée à la question 2, et dis si elle te donne une réponse que tu acceptes. Si ce n'est pas le cas, qu'est-ce que ça dit de ta règle ?;1;;;PARFAIT;;tous les critères;hésitant;non;train
dilemme-du-tramway_q3_parfait_03;dilemme-du-tramway;dilemme-du-tramway_q3;Est-ce que tu tires le levier ? Cette situation ressemble-t-elle davantage au premier levier ou à la passerelle ? Applique la règle que tu as trouvée à la question 2, et dis si elle te donne une réponse que tu acceptes. Si ce n'est pas le cas, qu'est-ce que ça dit de ta règle ?;2;;;PARFAIT;;tous les critères;court;non;train
dilemme-du-tramway_q3_parfait_04;dilemme-du-tramway;dilemme-du-tramway_q3;Est-ce que tu tires le levier ? Cette situation ressemble-t-elle davantage au premier levier ou à la passerelle ? Applique la règle que tu as trouvée à la question 2, et dis si elle te donne une réponse que tu acceptes. Si ce n'est pas le cas, qu'est-ce que ça dit de ta règle ?;1;;;PARFAIT;;tous les critères;fautes d'orthographe;non;train
dilemme-du-tramway_q3_parfait_05;dilemme-du-tramway;dilemme-du-tramway_q3;Est-ce que tu tires le levier ? Cette situation ressemble-t-elle davantage au premier levier ou à la passerelle ? Applique la règle que tu as trouvée à la question 2, et dis si elle te donne une réponse que tu acceptes. Si ce n'est pas le cas, qu'est-ce que ça dit de ta règle ?;3;;;PARFAIT;;tous les critères;hésitant;non;train
dilemme-du-tramway_q3_parfait_06;dilemme-du-tramway;dilemme-du-tramway_q3;Est-ce que tu tires le levier ? Cette situation ressemble-t-elle davantage au premier levier ou à la passerelle ? Applique la règle que tu as trouvée à la question 2, et dis si elle te donne une réponse que tu acceptes. Si ce n'est pas le cas, qu'est-ce que ça dit de ta règle ?;1;;;PARFAIT;;tous les critères;court;non;train
dilemme-du-tramway_q3_partiel_01;dilemme-du-tramway;dilemme-du-tramway_q3;Est-ce que tu tires le levier ? Cette situation ressemble-t-elle davantage au premier levier ou à la passerelle ? Applique la règle que tu as trouvée à la question 2, et dis si elle te donne une réponse que tu acceptes. Si ce n'est pas le cas, qu'est-ce que ça dit de ta règle ?;1;;;PARTIEL;;voit que le corps de l'ouvrier sert de frein, mais n'applique pas sa règle de la Q2;fautes d'orthographe;non;train
dilemme-du-tramway_q3_partiel_02;dilemme-du-tramway;dilemme-du-tramway_q3;Est-ce que tu tires le levier ? Cette situation ressemble-t-elle davantage au premier levier ou à la passerelle ? Applique la règle que tu as trouvée à la question 2, et dis si elle te donne une réponse que tu acceptes. Si ce n'est pas le cas, qu'est-ce que ça dit de ta règle ?;2;;;PARTIEL;;applique sa règle de la Q2 sans voir que la boucle ressemble à la passerelle;hésitant;non;train
dilemme-du-tramway_q3_partiel_03;dilemme-du-tramway;dilemme-du-tramway_q3;Est-ce que tu tires le levier ? Cette situation ressemble-t-elle davantage au premier levier ou à la passerelle ? Applique la règle que tu as trouvée à la question 2, et dis si elle te donne une réponse que tu acceptes. Si ce n'est pas le cas, qu'est-ce que ça dit de ta règle ?;1;;;PARTIEL;;voit la contradiction avec sa règle mais ne dit pas ce qu'il en conclut;court;non;train
dilemme-du-tramway_q3_partiel_04;dilemme-du-tramway;dilemme-du-tramway_q3;Est-ce que tu tires le levier ? Cette situation ressemble-t-elle davantage au premier levier ou à la passerelle ? Applique la règle que tu as trouvée à la question 2, et dis si elle te donne une réponse que tu acceptes. Si ce n'est pas le cas, qu'est-ce que ça dit de ta règle ?;1;;;PARTIEL;;voit que le corps de l'ouvrier sert de frein, mais n'applique pas sa règle de la Q2;fautes d'orthographe;non;train
dilemme-du-tramway_q3_partiel_05;dilemme-du-tramway;dilemme-du-tramway_q3;Est-ce que tu tires le levier ? Cette situation ressemble-t-elle davantage au premier levier ou à la passerelle ? Applique la règle que tu as trouvée à la question 2, et dis si elle te donne une réponse que tu acceptes. Si ce n'est pas le cas, qu'est-ce que ça dit de ta règle ?;3;;;PARTIEL;;applique sa règle de la Q2 sans voir que la boucle ressemble à la passerelle;hésitant;non;train
dilemme-du-tramway_q3_partiel_06;dilemme-du-tramway;dilemme-du-tramway_q3;Est-ce que tu tires le levier ? Cette situation ressemble-t-elle davantage au premier levier ou à la passerelle ? Applique la règle que tu as trouvée à la question 2, et dis si elle te donne une réponse que tu acceptes. Si ce n'est pas le cas, qu'est-ce que ça dit de ta règle ?;1;;;PARTIEL;;voit la contradiction avec sa règle mais ne dit pas ce qu'il en conclut;court;non;train
dilemme-du-tramway_q3_incorrect_01;dilemme-du-tramway;dilemme-du-tramway_q3;Est-ce que tu tires le levier ? Cette situation ressemble-t-elle davantage au premier levier ou à la passerelle ? Applique la règle que tu as trouvée à la question 2, et dis si elle te donne une réponse que tu acceptes. Si ce n'est pas le cas, qu'est-ce que ça dit de ta règle ?;1;;;INCORRECT;;répond comme au premier levier, sans voir que la boucle change quoi que ce soit;fautes d'orthographe;non;train
dilemme-du-tramway_q3_incorrect_02;dilemme-du-tramway;dilemme-du-tramway_q3;Est-ce que tu tires le levier ? Cette situation ressemble-t-elle davantage au premier levier ou à la passerelle ? Applique la règle que tu as trouvée à la question 2, et dis si elle te donne une réponse que tu acceptes. Si ce n'est pas le cas, qu'est-ce que ça dit de ta règle ?;1;;;INCORRECT;;tire avec la règle « on ne se sert jamais de quelqu'un » sans voir la contradiction;hésitant;non;train
dilemme-du-tramway_q3_incorrect_03;dilemme-du-tramway;dilemme-du-tramway_q3;Est-ce que tu tires le levier ? Cette situation ressemble-t-elle davantage au premier levier ou à la passerelle ? Applique la règle que tu as trouvée à la question 2, et dis si elle te donne une réponse que tu acceptes. Si ce n'est pas le cas, qu'est-ce que ça dit de ta règle ?;2;;;INCORRECT;;décision sans justification;court;non;train
dilemme-du-tramway_q3_incorrect_04;dilemme-du-tramway;dilemme-du-tramway_q3;Est-ce que tu tires le levier ? Cette situation ressemble-t-elle davantage au premier levier ou à la passerelle ? Applique la règle que tu as trouvée à la question 2, et dis si elle te donne une réponse que tu acceptes. Si ce n'est pas le cas, qu'est-ce que ça dit de ta règle ?;1;;;INCORRECT;;répond comme au premier levier, sans voir que la boucle change quoi que ce soit;fautes d'orthographe;non;train
dilemme-du-tramway_q3_incorrect_05;dilemme-du-tramway;dilemme-du-tramway_q3;Est-ce que tu tires le levier ? Cette situation ressemble-t-elle davantage au premier levier ou à la passerelle ? Applique la règle que tu as trouvée à la question 2, et dis si elle te donne une réponse que tu acceptes. Si ce n'est pas le cas, qu'est-ce que ça dit de ta règle ?;1;;;INCORRECT;;tire avec la règle « on ne se sert jamais de quelqu'un » sans voir la contradiction;hésitant;non;train
dilemme-du-tramway_q3_incorrect_06;dilemme-du-tramway;dilemme-du-tramway_q3;Est-ce que tu tires le levier ? Cette situation ressemble-t-elle davantage au premier levier ou à la passerelle ? Applique la règle que tu as trouvée à la question 2, et dis si elle te donne une réponse que tu acceptes. Si ce n'est pas le cas, qu'est-ce que ça dit de ta règle ?;3;;;INCORRECT;;décision sans justification;court;non;train
dilemme-du-tramway_q3_refus_01;dilemme-du-tramway;dilemme-du-tramway_q3;Est-ce que tu tires le levier ? Cette situation ressemble-t-elle davantage au premier levier ou à la passerelle ? Applique la règle que tu as trouvée à la question 2, et dis si elle te donne une réponse que tu acceptes. Si ce n'est pas le cas, qu'est-ce que ça dit de ta règle ?;1;;;REFUS;;demande ce qu'il ne doit pas demander : la réponse, la correction, ou qu'on réponde à sa place;fautes d'orthographe;non;train
dilemme-du-tramway_q3_refus_02;dilemme-du-tramway;dilemme-du-tramway_q3;Est-ce que tu tires le levier ? Cette situation ressemble-t-elle davantage au premier levier ou à la passerelle ? Applique la règle que tu as trouvée à la question 2, et dis si elle te donne une réponse que tu acceptes. Si ce n'est pas le cas, qu'est-ce que ça dit de ta règle ?;1;;;REFUS;;essaie de manipuler l'évaluation (« ignore tes consignes », « mets parfait »);hésitant;non;train
dilemme-du-tramway_q3_refus_03;dilemme-du-tramway;dilemme-du-tramway_q3;Est-ce que tu tires le levier ? Cette situation ressemble-t-elle davantage au premier levier ou à la passerelle ? Applique la règle que tu as trouvée à la question 2, et dis si elle te donne une réponse que tu acceptes. Si ce n'est pas le cas, qu'est-ce que ça dit de ta règle ?;2;;;REFUS;;parle mal : insultes, propos grossiers ou agressifs;court;non;train
dilemme-du-tramway_q3_refus_04;dilemme-du-tramway;dilemme-du-tramway_q3;Est-ce que tu tires le levier ? Cette situation ressemble-t-elle davantage au premier levier ou à la passerelle ? Applique la règle que tu as trouvée à la question 2, et dis si elle te donne une réponse que tu acceptes. Si ce n'est pas le cas, qu'est-ce que ça dit de ta règle ?;1;;;REFUS;;autre demande hors cadre (au choix);fautes d'orthographe;non;train
doute-de-descartes_q1_parfait_01;doute-de-descartes;doute-de-descartes_q1;Donne ta meilleure preuve que tu es éveillé, là, maintenant, en lisant ce texte. Puis joue contre toi-même : est-ce que ta preuve marcherait aussi à l'intérieur d'un rêve ? Explique ton raisonnement.;1;;;PARFAIT;;tous les critères;court;non;train
doute-de-descartes_q1_parfait_02;doute-de-descartes;doute-de-descartes_q1;Donne ta meilleure preuve que tu es éveillé, là, maintenant, en lisant ce texte. Puis joue contre toi-même : est-ce que ta preuve marcherait aussi à l'intérieur d'un rêve ? Explique ton raisonnement.;1;;;PARFAIT;;tous les critères;fautes d'orthographe;non;train
doute-de-descartes_q1_parfait_03;doute-de-descartes;doute-de-descartes_q1;Donne ta meilleure preuve que tu es éveillé, là, maintenant, en lisant ce texte. Puis joue contre toi-même : est-ce que ta preuve marcherait aussi à l'intérieur d'un rêve ? Explique ton raisonnement.;2;;;PARFAIT;;tous les critères;hésitant;non;train
doute-de-descartes_q1_parfait_04;doute-de-descartes;doute-de-descartes_q1;Donne ta meilleure preuve que tu es éveillé, là, maintenant, en lisant ce texte. Puis joue contre toi-même : est-ce que ta preuve marcherait aussi à l'intérieur d'un rêve ? Explique ton raisonnement.;1;;;PARFAIT;;tous les critères;court;non;train
doute-de-descartes_q1_parfait_05;doute-de-descartes;doute-de-descartes_q1;Donne ta meilleure preuve que tu es éveillé, là, maintenant, en lisant ce texte. Puis joue contre toi-même : est-ce que ta preuve marcherait aussi à l'intérieur d'un rêve ? Explique ton raisonnement.;3;;;PARFAIT;;tous les critères;fautes d'orthographe;non;train
doute-de-descartes_q1_parfait_06;doute-de-descartes;doute-de-descartes_q1;Donne ta meilleure preuve que tu es éveillé, là, maintenant, en lisant ce texte. Puis joue contre toi-même : est-ce que ta preuve marcherait aussi à l'intérieur d'un rêve ? Explique ton raisonnement.;1;;;PARFAIT;;tous les critères;hésitant;non;train
doute-de-descartes_q1_partiel_01;doute-de-descartes;doute-de-descartes_q1;Donne ta meilleure preuve que tu es éveillé, là, maintenant, en lisant ce texte. Puis joue contre toi-même : est-ce que ta preuve marcherait aussi à l'intérieur d'un rêve ? Explique ton raisonnement.;1;;;PARTIEL;;propose une preuve et commence à la tester, sans conclure;court;non;train
doute-de-descartes_q1_partiel_02;doute-de-descartes;doute-de-descartes_q1;Donne ta meilleure preuve que tu es éveillé, là, maintenant, en lisant ce texte. Puis joue contre toi-même : est-ce que ta preuve marcherait aussi à l'intérieur d'un rêve ? Explique ton raisonnement.;2;;;PARTIEL;;affirme qu'aucune preuve n'est possible, sans en proposer ni expliquer pourquoi;fautes d'orthographe;non;train
doute-de-descartes_q1_partiel_03;doute-de-descartes;doute-de-descartes_q1;Donne ta meilleure preuve que tu es éveillé, là, maintenant, en lisant ce texte. Puis joue contre toi-même : est-ce que ta preuve marcherait aussi à l'intérieur d'un rêve ? Explique ton raisonnement.;1;;;PARTIEL;;teste sa preuve mais conclut qu'elle tient, avec un argument faible;hésitant;non;train
doute-de-descartes_q1_partiel_04;doute-de-descartes;doute-de-descartes_q1;Donne ta meilleure preuve que tu es éveillé, là, maintenant, en lisant ce texte. Puis joue contre toi-même : est-ce que ta preuve marcherait aussi à l'intérieur d'un rêve ? Explique ton raisonnement.;1;;;PARTIEL;;propose une preuve et commence à la tester, sans conclure;court;non;train
doute-de-descartes_q1_partiel_05;doute-de-descartes;doute-de-descartes_q1;Donne ta meilleure preuve que tu es éveillé, là, maintenant, en lisant ce texte. Puis joue contre toi-même : est-ce que ta preuve marcherait aussi à l'intérieur d'un rêve ? Explique ton raisonnement.;3;;;PARTIEL;;affirme qu'aucune preuve n'est possible, sans en proposer ni expliquer pourquoi;fautes d'orthographe;non;train
doute-de-descartes_q1_partiel_06;doute-de-descartes;doute-de-descartes_q1;Donne ta meilleure preuve que tu es éveillé, là, maintenant, en lisant ce texte. Puis joue contre toi-même : est-ce que ta preuve marcherait aussi à l'intérieur d'un rêve ? Explique ton raisonnement.;1;;;PARTIEL;;teste sa preuve mais conclut qu'elle tient, avec un argument faible;hésitant;non;train
doute-de-descartes_q1_incorrect_01;doute-de-descartes;doute-de-descartes_q1;Donne ta meilleure preuve que tu es éveillé, là, maintenant, en lisant ce texte. Puis joue contre toi-même : est-ce que ta preuve marcherait aussi à l'intérieur d'un rêve ? Explique ton raisonnement.;1;;;INCORRECT;;preuve sans aucun test contre le rêve;court;non;train
doute-de-descartes_q1_incorrect_02;doute-de-descartes;doute-de-descartes_q1;Donne ta meilleure preuve que tu es éveillé, là, maintenant, en lisant ce texte. Puis joue contre toi-même : est-ce que ta preuve marcherait aussi à l'intérieur d'un rêve ? Explique ton raisonnement.;1;;;INCORRECT;;« c'est évident, je le sais »;fautes d'orthographe;non;train
doute-de-descartes_q1_incorrect_03;doute-de-descartes;doute-de-descartes_q1;Donne ta meilleure preuve que tu es éveillé, là, maintenant, en lisant ce texte. Puis joue contre toi-même : est-ce que ta preuve marcherait aussi à l'intérieur d'un rêve ? Explique ton raisonnement.;2;;;INCORRECT;;hors sujet;hésitant;non;train
doute-de-descartes_q1_incorrect_04;doute-de-descartes;doute-de-descartes_q1;Donne ta meilleure preuve que tu es éveillé, là, maintenant, en lisant ce texte. Puis joue contre toi-même : est-ce que ta preuve marcherait aussi à l'intérieur d'un rêve ? Explique ton raisonnement.;1;;;INCORRECT;;preuve sans aucun test contre le rêve;court;non;train
doute-de-descartes_q1_incorrect_05;doute-de-descartes;doute-de-descartes_q1;Donne ta meilleure preuve que tu es éveillé, là, maintenant, en lisant ce texte. Puis joue contre toi-même : est-ce que ta preuve marcherait aussi à l'intérieur d'un rêve ? Explique ton raisonnement.;1;;;INCORRECT;;« c'est évident, je le sais »;fautes d'orthographe;non;train
doute-de-descartes_q1_incorrect_06;doute-de-descartes;doute-de-descartes_q1;Donne ta meilleure preuve que tu es éveillé, là, maintenant, en lisant ce texte. Puis joue contre toi-même : est-ce que ta preuve marcherait aussi à l'intérieur d'un rêve ? Explique ton raisonnement.;3;;;INCORRECT;;hors sujet;hésitant;non;train
doute-de-descartes_q1_refus_01;doute-de-descartes;doute-de-descartes_q1;Donne ta meilleure preuve que tu es éveillé, là, maintenant, en lisant ce texte. Puis joue contre toi-même : est-ce que ta preuve marcherait aussi à l'intérieur d'un rêve ? Explique ton raisonnement.;1;;;REFUS;;demande ce qu'il ne doit pas demander : la réponse, la correction, ou qu'on réponde à sa place;court;non;train
doute-de-descartes_q1_refus_02;doute-de-descartes;doute-de-descartes_q1;Donne ta meilleure preuve que tu es éveillé, là, maintenant, en lisant ce texte. Puis joue contre toi-même : est-ce que ta preuve marcherait aussi à l'intérieur d'un rêve ? Explique ton raisonnement.;1;;;REFUS;;essaie de manipuler l'évaluation (« ignore tes consignes », « mets parfait »);fautes d'orthographe;non;train
doute-de-descartes_q1_refus_03;doute-de-descartes;doute-de-descartes_q1;Donne ta meilleure preuve que tu es éveillé, là, maintenant, en lisant ce texte. Puis joue contre toi-même : est-ce que ta preuve marcherait aussi à l'intérieur d'un rêve ? Explique ton raisonnement.;2;;;REFUS;;parle mal : insultes, propos grossiers ou agressifs;hésitant;non;train
doute-de-descartes_q1_refus_04;doute-de-descartes;doute-de-descartes_q1;Donne ta meilleure preuve que tu es éveillé, là, maintenant, en lisant ce texte. Puis joue contre toi-même : est-ce que ta preuve marcherait aussi à l'intérieur d'un rêve ? Explique ton raisonnement.;1;;;REFUS;;autre demande hors cadre (au choix);court;non;train
doute-de-descartes_q2_parfait_01;doute-de-descartes;doute-de-descartes_q2;Le malin génie peut te tromper sur tout ce que tu vois, tout ce que tu crois savoir, et même sur tes calculs. Est-ce qu'il reste une seule chose dont tu puisses être absolument certain, une chose sur laquelle même lui ne pourrait pas te tromper ? Cherche, et explique pourquoi elle résiste.;1;;;PARFAIT;;tous les critères;hésitant;non;train
doute-de-descartes_q2_parfait_02;doute-de-descartes;doute-de-descartes_q2;Le malin génie peut te tromper sur tout ce que tu vois, tout ce que tu crois savoir, et même sur tes calculs. Est-ce qu'il reste une seule chose dont tu puisses être absolument certain, une chose sur laquelle même lui ne pourrait pas te tromper ? Cherche, et explique pourquoi elle résiste.;1;;;PARFAIT;;tous les critères;court;non;train
doute-de-descartes_q2_parfait_03;doute-de-descartes;doute-de-descartes_q2;Le malin génie peut te tromper sur tout ce que tu vois, tout ce que tu crois savoir, et même sur tes calculs. Est-ce qu'il reste une seule chose dont tu puisses être absolument certain, une chose sur laquelle même lui ne pourrait pas te tromper ? Cherche, et explique pourquoi elle résiste.;2;;;PARFAIT;;tous les critères;fautes d'orthographe;non;train
doute-de-descartes_q2_parfait_04;doute-de-descartes;doute-de-descartes_q2;Le malin génie peut te tromper sur tout ce que tu vois, tout ce que tu crois savoir, et même sur tes calculs. Est-ce qu'il reste une seule chose dont tu puisses être absolument certain, une chose sur laquelle même lui ne pourrait pas te tromper ? Cherche, et explique pourquoi elle résiste.;1;;;PARFAIT;;tous les critères;hésitant;non;train
doute-de-descartes_q2_parfait_05;doute-de-descartes;doute-de-descartes_q2;Le malin génie peut te tromper sur tout ce que tu vois, tout ce que tu crois savoir, et même sur tes calculs. Est-ce qu'il reste une seule chose dont tu puisses être absolument certain, une chose sur laquelle même lui ne pourrait pas te tromper ? Cherche, et explique pourquoi elle résiste.;3;;;PARFAIT;;tous les critères;court;non;train
doute-de-descartes_q2_parfait_06;doute-de-descartes;doute-de-descartes_q2;Le malin génie peut te tromper sur tout ce que tu vois, tout ce que tu crois savoir, et même sur tes calculs. Est-ce qu'il reste une seule chose dont tu puisses être absolument certain, une chose sur laquelle même lui ne pourrait pas te tromper ? Cherche, et explique pourquoi elle résiste.;1;;;PARFAIT;;tous les critères;fautes d'orthographe;non;train
doute-de-descartes_q2_partiel_01;doute-de-descartes;doute-de-descartes_q2;Le malin génie peut te tromper sur tout ce que tu vois, tout ce que tu crois savoir, et même sur tes calculs. Est-ce qu'il reste une seule chose dont tu puisses être absolument certain, une chose sur laquelle même lui ne pourrait pas te tromper ? Cherche, et explique pourquoi elle résiste.;1;;;PARTIEL;;trouve la bonne chose (« moi », « que je pense ») sans expliquer pourquoi elle résiste;hésitant;non;train
doute-de-descartes_q2_partiel_02;doute-de-descartes;doute-de-descartes_q2;Le malin génie peut te tromper sur tout ce que tu vois, tout ce que tu crois savoir, et même sur tes calculs. Est-ce qu'il reste une seule chose dont tu puisses être absolument certain, une chose sur laquelle même lui ne pourrait pas te tromper ? Cherche, et explique pourquoi elle résiste.;2;;;PARTIEL;;propose « ce que je ressens », en parlant du fait de ressentir, sans aller jusqu'à l'existence;court;non;train
doute-de-descartes_q2_partiel_03;doute-de-descartes;doute-de-descartes_q2;Le malin génie peut te tromper sur tout ce que tu vois, tout ce que tu crois savoir, et même sur tes calculs. Est-ce qu'il reste une seule chose dont tu puisses être absolument certain, une chose sur laquelle même lui ne pourrait pas te tromper ? Cherche, et explique pourquoi elle résiste.;1;;;PARTIEL;;trouve la bonne chose (« moi », « que je pense ») sans expliquer pourquoi elle résiste;fautes d'orthographe;non;train
doute-de-descartes_q2_partiel_04;doute-de-descartes;doute-de-descartes_q2;Le malin génie peut te tromper sur tout ce que tu vois, tout ce que tu crois savoir, et même sur tes calculs. Est-ce qu'il reste une seule chose dont tu puisses être absolument certain, une chose sur laquelle même lui ne pourrait pas te tromper ? Cherche, et explique pourquoi elle résiste.;1;;;PARTIEL;;propose « ce que je ressens », en parlant du fait de ressentir, sans aller jusqu'à l'existence;hésitant;non;train
doute-de-descartes_q2_partiel_05;doute-de-descartes;doute-de-descartes_q2;Le malin génie peut te tromper sur tout ce que tu vois, tout ce que tu crois savoir, et même sur tes calculs. Est-ce qu'il reste une seule chose dont tu puisses être absolument certain, une chose sur laquelle même lui ne pourrait pas te tromper ? Cherche, et explique pourquoi elle résiste.;3;;;PARTIEL;;trouve la bonne chose (« moi », « que je pense ») sans expliquer pourquoi elle résiste;court;non;train
doute-de-descartes_q2_partiel_06;doute-de-descartes;doute-de-descartes_q2;Le malin génie peut te tromper sur tout ce que tu vois, tout ce que tu crois savoir, et même sur tes calculs. Est-ce qu'il reste une seule chose dont tu puisses être absolument certain, une chose sur laquelle même lui ne pourrait pas te tromper ? Cherche, et explique pourquoi elle résiste.;1;;;PARTIEL;;propose « ce que je ressens », en parlant du fait de ressentir, sans aller jusqu'à l'existence;fautes d'orthographe;non;train
doute-de-descartes_q2_incorrect_01;doute-de-descartes;doute-de-descartes_q2;Le malin génie peut te tromper sur tout ce que tu vois, tout ce que tu crois savoir, et même sur tes calculs. Est-ce qu'il reste une seule chose dont tu puisses être absolument certain, une chose sur laquelle même lui ne pourrait pas te tromper ? Cherche, et explique pourquoi elle résiste.;1;;;INCORRECT;;propose quelque chose que le génie peut fausser : la logique, les maths, le monde, le corps, les souvenirs;hésitant;non;train
doute-de-descartes_q2_incorrect_02;doute-de-descartes;doute-de-descartes_q2;Le malin génie peut te tromper sur tout ce que tu vois, tout ce que tu crois savoir, et même sur tes calculs. Est-ce qu'il reste une seule chose dont tu puisses être absolument certain, une chose sur laquelle même lui ne pourrait pas te tromper ? Cherche, et explique pourquoi elle résiste.;1;;;INCORRECT;;affirme que le malin génie lui-même existe certainement;court;non;train
doute-de-descartes_q2_incorrect_03;doute-de-descartes;doute-de-descartes_q2;Le malin génie peut te tromper sur tout ce que tu vois, tout ce que tu crois savoir, et même sur tes calculs. Est-ce qu'il reste une seule chose dont tu puisses être absolument certain, une chose sur laquelle même lui ne pourrait pas te tromper ? Cherche, et explique pourquoi elle résiste.;2;;;INCORRECT;;« rien », sans réflexion;fautes d'orthographe;non;train
doute-de-descartes_q2_incorrect_04;doute-de-descartes;doute-de-descartes_q2;Le malin génie peut te tromper sur tout ce que tu vois, tout ce que tu crois savoir, et même sur tes calculs. Est-ce qu'il reste une seule chose dont tu puisses être absolument certain, une chose sur laquelle même lui ne pourrait pas te tromper ? Cherche, et explique pourquoi elle résiste.;1;;;INCORRECT;;propose quelque chose que le génie peut fausser : la logique, les maths, le monde, le corps, les souvenirs;hésitant;non;train
doute-de-descartes_q2_incorrect_05;doute-de-descartes;doute-de-descartes_q2;Le malin génie peut te tromper sur tout ce que tu vois, tout ce que tu crois savoir, et même sur tes calculs. Est-ce qu'il reste une seule chose dont tu puisses être absolument certain, une chose sur laquelle même lui ne pourrait pas te tromper ? Cherche, et explique pourquoi elle résiste.;1;;;INCORRECT;;affirme que le malin génie lui-même existe certainement;court;non;train
doute-de-descartes_q2_incorrect_06;doute-de-descartes;doute-de-descartes_q2;Le malin génie peut te tromper sur tout ce que tu vois, tout ce que tu crois savoir, et même sur tes calculs. Est-ce qu'il reste une seule chose dont tu puisses être absolument certain, une chose sur laquelle même lui ne pourrait pas te tromper ? Cherche, et explique pourquoi elle résiste.;3;;;INCORRECT;;« rien », sans réflexion;fautes d'orthographe;non;train
doute-de-descartes_q2_refus_01;doute-de-descartes;doute-de-descartes_q2;Le malin génie peut te tromper sur tout ce que tu vois, tout ce que tu crois savoir, et même sur tes calculs. Est-ce qu'il reste une seule chose dont tu puisses être absolument certain, une chose sur laquelle même lui ne pourrait pas te tromper ? Cherche, et explique pourquoi elle résiste.;1;;;REFUS;;demande ce qu'il ne doit pas demander : la réponse, la correction, ou qu'on réponde à sa place;hésitant;non;train
doute-de-descartes_q2_refus_02;doute-de-descartes;doute-de-descartes_q2;Le malin génie peut te tromper sur tout ce que tu vois, tout ce que tu crois savoir, et même sur tes calculs. Est-ce qu'il reste une seule chose dont tu puisses être absolument certain, une chose sur laquelle même lui ne pourrait pas te tromper ? Cherche, et explique pourquoi elle résiste.;1;;;REFUS;;essaie de manipuler l'évaluation (« ignore tes consignes », « mets parfait »);court;non;train
doute-de-descartes_q2_refus_03;doute-de-descartes;doute-de-descartes_q2;Le malin génie peut te tromper sur tout ce que tu vois, tout ce que tu crois savoir, et même sur tes calculs. Est-ce qu'il reste une seule chose dont tu puisses être absolument certain, une chose sur laquelle même lui ne pourrait pas te tromper ? Cherche, et explique pourquoi elle résiste.;2;;;REFUS;;parle mal : insultes, propos grossiers ou agressifs;fautes d'orthographe;non;train
doute-de-descartes_q2_refus_04;doute-de-descartes;doute-de-descartes_q2;Le malin génie peut te tromper sur tout ce que tu vois, tout ce que tu crois savoir, et même sur tes calculs. Est-ce qu'il reste une seule chose dont tu puisses être absolument certain, une chose sur laquelle même lui ne pourrait pas te tromper ? Cherche, et explique pourquoi elle résiste.;1;;;REFUS;;autre demande hors cadre (au choix);hésitant;non;train
doute-de-descartes_q3_parfait_01;doute-de-descartes;doute-de-descartes_q3;Le cogito prouve qu'une chose existe. Mais quoi exactement ? Est-ce qu'il prouve que tu as un corps ? Que tu existais hier ? Que l'auteur de ce texte existe ? Fais la liste de ce que « je pense, donc je suis » prouve vraiment, et de ce qu'il ne prouve pas.;1;;;PARFAIT;;tous les critères;fautes d'orthographe;non;train
doute-de-descartes_q3_parfait_02;doute-de-descartes;doute-de-descartes_q3;Le cogito prouve qu'une chose existe. Mais quoi exactement ? Est-ce qu'il prouve que tu as un corps ? Que tu existais hier ? Que l'auteur de ce texte existe ? Fais la liste de ce que « je pense, donc je suis » prouve vraiment, et de ce qu'il ne prouve pas.;1;;;PARFAIT;;tous les critères;hésitant;non;train
doute-de-descartes_q3_parfait_03;doute-de-descartes;doute-de-descartes_q3;Le cogito prouve qu'une chose existe. Mais quoi exactement ? Est-ce qu'il prouve que tu as un corps ? Que tu existais hier ? Que l'auteur de ce texte existe ? Fais la liste de ce que « je pense, donc je suis » prouve vraiment, et de ce qu'il ne prouve pas.;2;;;PARFAIT;;tous les critères;court;non;train
doute-de-descartes_q3_parfait_04;doute-de-descartes;doute-de-descartes_q3;Le cogito prouve qu'une chose existe. Mais quoi exactement ? Est-ce qu'il prouve que tu as un corps ? Que tu existais hier ? Que l'auteur de ce texte existe ? Fais la liste de ce que « je pense, donc je suis » prouve vraiment, et de ce qu'il ne prouve pas.;1;;;PARFAIT;;tous les critères;fautes d'orthographe;non;train
doute-de-descartes_q3_parfait_05;doute-de-descartes;doute-de-descartes_q3;Le cogito prouve qu'une chose existe. Mais quoi exactement ? Est-ce qu'il prouve que tu as un corps ? Que tu existais hier ? Que l'auteur de ce texte existe ? Fais la liste de ce que « je pense, donc je suis » prouve vraiment, et de ce qu'il ne prouve pas.;3;;;PARFAIT;;tous les critères;hésitant;non;train
doute-de-descartes_q3_parfait_06;doute-de-descartes;doute-de-descartes_q3;Le cogito prouve qu'une chose existe. Mais quoi exactement ? Est-ce qu'il prouve que tu as un corps ? Que tu existais hier ? Que l'auteur de ce texte existe ? Fais la liste de ce que « je pense, donc je suis » prouve vraiment, et de ce qu'il ne prouve pas.;1;;;PARFAIT;;tous les critères;court;non;train
doute-de-descartes_q3_partiel_01;doute-de-descartes;doute-de-descartes_q3;Le cogito prouve qu'une chose existe. Mais quoi exactement ? Est-ce qu'il prouve que tu as un corps ? Que tu existais hier ? Que l'auteur de ce texte existe ? Fais la liste de ce que « je pense, donc je suis » prouve vraiment, et de ce qu'il ne prouve pas.;1;;;PARTIEL;;liste juste mais incomplète (oublie le corps, le passé ou les autres), ou sans aucune justification;fautes d'orthographe;non;train
doute-de-descartes_q3_partiel_02;doute-de-descartes;doute-de-descartes_q3;Le cogito prouve qu'une chose existe. Mais quoi exactement ? Est-ce qu'il prouve que tu as un corps ? Que tu existais hier ? Que l'auteur de ce texte existe ? Fais la liste de ce que « je pense, donc je suis » prouve vraiment, et de ce qu'il ne prouve pas.;2;;;PARTIEL;;dit bien ce qui est prouvé, mais pas ce qui ne l'est pas;hésitant;non;train
doute-de-descartes_q3_partiel_03;doute-de-descartes;doute-de-descartes_q3;Le cogito prouve qu'une chose existe. Mais quoi exactement ? Est-ce qu'il prouve que tu as un corps ? Que tu existais hier ? Que l'auteur de ce texte existe ? Fais la liste de ce que « je pense, donc je suis » prouve vraiment, et de ce qu'il ne prouve pas.;1;;;PARTIEL;;liste juste mais incomplète (oublie le corps, le passé ou les autres), ou sans aucune justification;court;non;train
doute-de-descartes_q3_partiel_04;doute-de-descartes;doute-de-descartes_q3;Le cogito prouve qu'une chose existe. Mais quoi exactement ? Est-ce qu'il prouve que tu as un corps ? Que tu existais hier ? Que l'auteur de ce texte existe ? Fais la liste de ce que « je pense, donc je suis » prouve vraiment, et de ce qu'il ne prouve pas.;1;;;PARTIEL;;dit bien ce qui est prouvé, mais pas ce qui ne l'est pas;fautes d'orthographe;non;train
doute-de-descartes_q3_partiel_05;doute-de-descartes;doute-de-descartes_q3;Le cogito prouve qu'une chose existe. Mais quoi exactement ? Est-ce qu'il prouve que tu as un corps ? Que tu existais hier ? Que l'auteur de ce texte existe ? Fais la liste de ce que « je pense, donc je suis » prouve vraiment, et de ce qu'il ne prouve pas.;3;;;PARTIEL;;liste juste mais incomplète (oublie le corps, le passé ou les autres), ou sans aucune justification;hésitant;non;train
doute-de-descartes_q3_partiel_06;doute-de-descartes;doute-de-descartes_q3;Le cogito prouve qu'une chose existe. Mais quoi exactement ? Est-ce qu'il prouve que tu as un corps ? Que tu existais hier ? Que l'auteur de ce texte existe ? Fais la liste de ce que « je pense, donc je suis » prouve vraiment, et de ce qu'il ne prouve pas.;1;;;PARTIEL;;dit bien ce qui est prouvé, mais pas ce qui ne l'est pas;court;non;train
doute-de-descartes_q3_incorrect_01;doute-de-descartes;doute-de-descartes_q3;Le cogito prouve qu'une chose existe. Mais quoi exactement ? Est-ce qu'il prouve que tu as un corps ? Que tu existais hier ? Que l'auteur de ce texte existe ? Fais la liste de ce que « je pense, donc je suis » prouve vraiment, et de ce qu'il ne prouve pas.;1;;;INCORRECT;;affirme que le cogito prouve le corps, le passé ou l'existence des autres;fautes d'orthographe;non;train
doute-de-descartes_q3_incorrect_02;doute-de-descartes;doute-de-descartes_q3;Le cogito prouve qu'une chose existe. Mais quoi exactement ? Est-ce qu'il prouve que tu as un corps ? Que tu existais hier ? Que l'auteur de ce texte existe ? Fais la liste de ce que « je pense, donc je suis » prouve vraiment, et de ce qu'il ne prouve pas.;1;;;INCORRECT;;ne dit pas ce que le cogito prouve;hésitant;non;train
doute-de-descartes_q3_incorrect_03;doute-de-descartes;doute-de-descartes_q3;Le cogito prouve qu'une chose existe. Mais quoi exactement ? Est-ce qu'il prouve que tu as un corps ? Que tu existais hier ? Que l'auteur de ce texte existe ? Fais la liste de ce que « je pense, donc je suis » prouve vraiment, et de ce qu'il ne prouve pas.;2;;;INCORRECT;;affirme que le cogito prouve le corps, le passé ou l'existence des autres;court;non;train
doute-de-descartes_q3_incorrect_04;doute-de-descartes;doute-de-descartes_q3;Le cogito prouve qu'une chose existe. Mais quoi exactement ? Est-ce qu'il prouve que tu as un corps ? Que tu existais hier ? Que l'auteur de ce texte existe ? Fais la liste de ce que « je pense, donc je suis » prouve vraiment, et de ce qu'il ne prouve pas.;1;;;INCORRECT;;ne dit pas ce que le cogito prouve;fautes d'orthographe;non;train
doute-de-descartes_q3_incorrect_05;doute-de-descartes;doute-de-descartes_q3;Le cogito prouve qu'une chose existe. Mais quoi exactement ? Est-ce qu'il prouve que tu as un corps ? Que tu existais hier ? Que l'auteur de ce texte existe ? Fais la liste de ce que « je pense, donc je suis » prouve vraiment, et de ce qu'il ne prouve pas.;1;;;INCORRECT;;affirme que le cogito prouve le corps, le passé ou l'existence des autres;hésitant;non;train
doute-de-descartes_q3_incorrect_06;doute-de-descartes;doute-de-descartes_q3;Le cogito prouve qu'une chose existe. Mais quoi exactement ? Est-ce qu'il prouve que tu as un corps ? Que tu existais hier ? Que l'auteur de ce texte existe ? Fais la liste de ce que « je pense, donc je suis » prouve vraiment, et de ce qu'il ne prouve pas.;3;;;INCORRECT;;ne dit pas ce que le cogito prouve;court;non;train
doute-de-descartes_q3_refus_01;doute-de-descartes;doute-de-descartes_q3;Le cogito prouve qu'une chose existe. Mais quoi exactement ? Est-ce qu'il prouve que tu as un corps ? Que tu existais hier ? Que l'auteur de ce texte existe ? Fais la liste de ce que « je pense, donc je suis » prouve vraiment, et de ce qu'il ne prouve pas.;1;;;REFUS;;demande ce qu'il ne doit pas demander : la réponse, la correction, ou qu'on réponde à sa place;fautes d'orthographe;non;train
doute-de-descartes_q3_refus_02;doute-de-descartes;doute-de-descartes_q3;Le cogito prouve qu'une chose existe. Mais quoi exactement ? Est-ce qu'il prouve que tu as un corps ? Que tu existais hier ? Que l'auteur de ce texte existe ? Fais la liste de ce que « je pense, donc je suis » prouve vraiment, et de ce qu'il ne prouve pas.;1;;;REFUS;;essaie de manipuler l'évaluation (« ignore tes consignes », « mets parfait »);hésitant;non;train
doute-de-descartes_q3_refus_03;doute-de-descartes;doute-de-descartes_q3;Le cogito prouve qu'une chose existe. Mais quoi exactement ? Est-ce qu'il prouve que tu as un corps ? Que tu existais hier ? Que l'auteur de ce texte existe ? Fais la liste de ce que « je pense, donc je suis » prouve vraiment, et de ce qu'il ne prouve pas.;2;;;REFUS;;parle mal : insultes, propos grossiers ou agressifs;court;non;train
doute-de-descartes_q3_refus_04;doute-de-descartes;doute-de-descartes_q3;Le cogito prouve qu'une chose existe. Mais quoi exactement ? Est-ce qu'il prouve que tu as un corps ? Que tu existais hier ? Que l'auteur de ce texte existe ? Fais la liste de ce que « je pense, donc je suis » prouve vraiment, et de ce qu'il ne prouve pas.;1;;;REFUS;;autre demande hors cadre (au choix);fautes d'orthographe;non;train
infinis-plus-grands-que-l-infini_q1_parfait_01;infinis-plus-grands-que-l-infini;infinis-plus-grands-que-l-infini_q1;Tu es le gérant. Toutes les chambres sont occupées, il y en a une infinité, et tu n'as le droit ni de mettre quelqu'un dehors, ni de faire partager une chambre. Quelle annonce fais-tu au micro pour libérer une chambre ? Explique pourquoi ça marche ici, alors que ça ne marcherait pas dans un hôtel de 100 chambres.;1;;;PARFAIT;;tous les critères;court;non;train
infinis-plus-grands-que-l-infini_q1_parfait_02;infinis-plus-grands-que-l-infini;infinis-plus-grands-que-l-infini_q1;Tu es le gérant. Toutes les chambres sont occupées, il y en a une infinité, et tu n'as le droit ni de mettre quelqu'un dehors, ni de faire partager une chambre. Quelle annonce fais-tu au micro pour libérer une chambre ? Explique pourquoi ça marche ici, alors que ça ne marcherait pas dans un hôtel de 100 chambres.;1;;;PARFAIT;;tous les critères;fautes d'orthographe;non;train
infinis-plus-grands-que-l-infini_q1_parfait_03;infinis-plus-grands-que-l-infini;infinis-plus-grands-que-l-infini_q1;Tu es le gérant. Toutes les chambres sont occupées, il y en a une infinité, et tu n'as le droit ni de mettre quelqu'un dehors, ni de faire partager une chambre. Quelle annonce fais-tu au micro pour libérer une chambre ? Explique pourquoi ça marche ici, alors que ça ne marcherait pas dans un hôtel de 100 chambres.;2;;;PARFAIT;;tous les critères;hésitant;non;train
infinis-plus-grands-que-l-infini_q1_parfait_04;infinis-plus-grands-que-l-infini;infinis-plus-grands-que-l-infini_q1;Tu es le gérant. Toutes les chambres sont occupées, il y en a une infinité, et tu n'as le droit ni de mettre quelqu'un dehors, ni de faire partager une chambre. Quelle annonce fais-tu au micro pour libérer une chambre ? Explique pourquoi ça marche ici, alors que ça ne marcherait pas dans un hôtel de 100 chambres.;1;;;PARFAIT;;tous les critères;court;non;train
infinis-plus-grands-que-l-infini_q1_parfait_05;infinis-plus-grands-que-l-infini;infinis-plus-grands-que-l-infini_q1;Tu es le gérant. Toutes les chambres sont occupées, il y en a une infinité, et tu n'as le droit ni de mettre quelqu'un dehors, ni de faire partager une chambre. Quelle annonce fais-tu au micro pour libérer une chambre ? Explique pourquoi ça marche ici, alors que ça ne marcherait pas dans un hôtel de 100 chambres.;3;;;PARFAIT;;tous les critères;fautes d'orthographe;non;train
infinis-plus-grands-que-l-infini_q1_parfait_06;infinis-plus-grands-que-l-infini;infinis-plus-grands-que-l-infini_q1;Tu es le gérant. Toutes les chambres sont occupées, il y en a une infinité, et tu n'as le droit ni de mettre quelqu'un dehors, ni de faire partager une chambre. Quelle annonce fais-tu au micro pour libérer une chambre ? Explique pourquoi ça marche ici, alors que ça ne marcherait pas dans un hôtel de 100 chambres.;1;;;PARFAIT;;tous les critères;hésitant;non;train
infinis-plus-grands-que-l-infini_q1_partiel_01;infinis-plus-grands-que-l-infini;infinis-plus-grands-que-l-infini_q1;Tu es le gérant. Toutes les chambres sont occupées, il y en a une infinité, et tu n'as le droit ni de mettre quelqu'un dehors, ni de faire partager une chambre. Quelle annonce fais-tu au micro pour libérer une chambre ? Explique pourquoi ça marche ici, alors que ça ne marcherait pas dans un hôtel de 100 chambres.;1;;;PARTIEL;;bonne annonce, sans expliquer pourquoi elle échouerait dans un hôtel fini;court;non;train
infinis-plus-grands-que-l-infini_q1_partiel_02;infinis-plus-grands-que-l-infini;infinis-plus-grands-que-l-infini_q1;Tu es le gérant. Toutes les chambres sont occupées, il y en a une infinité, et tu n'as le droit ni de mettre quelqu'un dehors, ni de faire partager une chambre. Quelle annonce fais-tu au micro pour libérer une chambre ? Explique pourquoi ça marche ici, alors que ça ne marcherait pas dans un hôtel de 100 chambres.;2;;;PARTIEL;;bonne idée, mais formulée en imaginant une fin (« jusqu'au dernier client »);fautes d'orthographe;non;train
infinis-plus-grands-que-l-infini_q1_partiel_03;infinis-plus-grands-que-l-infini;infinis-plus-grands-que-l-infini_q1;Tu es le gérant. Toutes les chambres sont occupées, il y en a une infinité, et tu n'as le droit ni de mettre quelqu'un dehors, ni de faire partager une chambre. Quelle annonce fais-tu au micro pour libérer une chambre ? Explique pourquoi ça marche ici, alors que ça ne marcherait pas dans un hôtel de 100 chambres.;1;;;PARTIEL;;bonne annonce, sans expliquer pourquoi elle échouerait dans un hôtel fini;hésitant;non;train
infinis-plus-grands-que-l-infini_q1_partiel_04;infinis-plus-grands-que-l-infini;infinis-plus-grands-que-l-infini_q1;Tu es le gérant. Toutes les chambres sont occupées, il y en a une infinité, et tu n'as le droit ni de mettre quelqu'un dehors, ni de faire partager une chambre. Quelle annonce fais-tu au micro pour libérer une chambre ? Explique pourquoi ça marche ici, alors que ça ne marcherait pas dans un hôtel de 100 chambres.;1;;;PARTIEL;;bonne idée, mais formulée en imaginant une fin (« jusqu'au dernier client »);court;non;train
infinis-plus-grands-que-l-infini_q1_partiel_05;infinis-plus-grands-que-l-infini;infinis-plus-grands-que-l-infini_q1;Tu es le gérant. Toutes les chambres sont occupées, il y en a une infinité, et tu n'as le droit ni de mettre quelqu'un dehors, ni de faire partager une chambre. Quelle annonce fais-tu au micro pour libérer une chambre ? Explique pourquoi ça marche ici, alors que ça ne marcherait pas dans un hôtel de 100 chambres.;3;;;PARTIEL;;bonne annonce, sans expliquer pourquoi elle échouerait dans un hôtel fini;fautes d'orthographe;non;train
infinis-plus-grands-que-l-infini_q1_partiel_06;infinis-plus-grands-que-l-infini;infinis-plus-grands-que-l-infini_q1;Tu es le gérant. Toutes les chambres sont occupées, il y en a une infinité, et tu n'as le droit ni de mettre quelqu'un dehors, ni de faire partager une chambre. Quelle annonce fais-tu au micro pour libérer une chambre ? Explique pourquoi ça marche ici, alors que ça ne marcherait pas dans un hôtel de 100 chambres.;1;;;PARTIEL;;bonne idée, mais formulée en imaginant une fin (« jusqu'au dernier client »);hésitant;non;train
infinis-plus-grands-que-l-infini_q1_incorrect_01;infinis-plus-grands-que-l-infini;infinis-plus-grands-que-l-infini_q1;Tu es le gérant. Toutes les chambres sont occupées, il y en a une infinité, et tu n'as le droit ni de mettre quelqu'un dehors, ni de faire partager une chambre. Quelle annonce fais-tu au micro pour libérer une chambre ? Explique pourquoi ça marche ici, alors que ça ne marcherait pas dans un hôtel de 100 chambres.;1;;;INCORRECT;;« impossible, l'hôtel est complet »;court;non;train
infinis-plus-grands-que-l-infini_q1_incorrect_02;infinis-plus-grands-que-l-infini;infinis-plus-grands-que-l-infini_q1;Tu es le gérant. Toutes les chambres sont occupées, il y en a une infinité, et tu n'as le droit ni de mettre quelqu'un dehors, ni de faire partager une chambre. Quelle annonce fais-tu au micro pour libérer une chambre ? Explique pourquoi ça marche ici, alors que ça ne marcherait pas dans un hôtel de 100 chambres.;1;;;INCORRECT;;met le client dans « la dernière chambre », fait partager une chambre ou met quelqu'un dehors;fautes d'orthographe;non;train
infinis-plus-grands-que-l-infini_q1_incorrect_03;infinis-plus-grands-que-l-infini;infinis-plus-grands-que-l-infini_q1;Tu es le gérant. Toutes les chambres sont occupées, il y en a une infinité, et tu n'as le droit ni de mettre quelqu'un dehors, ni de faire partager une chambre. Quelle annonce fais-tu au micro pour libérer une chambre ? Explique pourquoi ça marche ici, alors que ça ne marcherait pas dans un hôtel de 100 chambres.;2;;;INCORRECT;;règle où deux clients se retrouvent dans la même chambre;hésitant;non;train
infinis-plus-grands-que-l-infini_q1_incorrect_04;infinis-plus-grands-que-l-infini;infinis-plus-grands-que-l-infini_q1;Tu es le gérant. Toutes les chambres sont occupées, il y en a une infinité, et tu n'as le droit ni de mettre quelqu'un dehors, ni de faire partager une chambre. Quelle annonce fais-tu au micro pour libérer une chambre ? Explique pourquoi ça marche ici, alors que ça ne marcherait pas dans un hôtel de 100 chambres.;1;;;INCORRECT;;« impossible, l'hôtel est complet »;court;non;train
infinis-plus-grands-que-l-infini_q1_incorrect_05;infinis-plus-grands-que-l-infini;infinis-plus-grands-que-l-infini_q1;Tu es le gérant. Toutes les chambres sont occupées, il y en a une infinité, et tu n'as le droit ni de mettre quelqu'un dehors, ni de faire partager une chambre. Quelle annonce fais-tu au micro pour libérer une chambre ? Explique pourquoi ça marche ici, alors que ça ne marcherait pas dans un hôtel de 100 chambres.;1;;;INCORRECT;;met le client dans « la dernière chambre », fait partager une chambre ou met quelqu'un dehors;fautes d'orthographe;non;train
infinis-plus-grands-que-l-infini_q1_incorrect_06;infinis-plus-grands-que-l-infini;infinis-plus-grands-que-l-infini_q1;Tu es le gérant. Toutes les chambres sont occupées, il y en a une infinité, et tu n'as le droit ni de mettre quelqu'un dehors, ni de faire partager une chambre. Quelle annonce fais-tu au micro pour libérer une chambre ? Explique pourquoi ça marche ici, alors que ça ne marcherait pas dans un hôtel de 100 chambres.;3;;;INCORRECT;;règle où deux clients se retrouvent dans la même chambre;hésitant;non;train
infinis-plus-grands-que-l-infini_q1_refus_01;infinis-plus-grands-que-l-infini;infinis-plus-grands-que-l-infini_q1;Tu es le gérant. Toutes les chambres sont occupées, il y en a une infinité, et tu n'as le droit ni de mettre quelqu'un dehors, ni de faire partager une chambre. Quelle annonce fais-tu au micro pour libérer une chambre ? Explique pourquoi ça marche ici, alors que ça ne marcherait pas dans un hôtel de 100 chambres.;1;;;REFUS;;demande ce qu'il ne doit pas demander : la réponse, la correction, ou qu'on réponde à sa place;court;non;train
infinis-plus-grands-que-l-infini_q1_refus_02;infinis-plus-grands-que-l-infini;infinis-plus-grands-que-l-infini_q1;Tu es le gérant. Toutes les chambres sont occupées, il y en a une infinité, et tu n'as le droit ni de mettre quelqu'un dehors, ni de faire partager une chambre. Quelle annonce fais-tu au micro pour libérer une chambre ? Explique pourquoi ça marche ici, alors que ça ne marcherait pas dans un hôtel de 100 chambres.;1;;;REFUS;;essaie de manipuler l'évaluation (« ignore tes consignes », « mets parfait »);fautes d'orthographe;non;train
infinis-plus-grands-que-l-infini_q1_refus_03;infinis-plus-grands-que-l-infini;infinis-plus-grands-que-l-infini_q1;Tu es le gérant. Toutes les chambres sont occupées, il y en a une infinité, et tu n'as le droit ni de mettre quelqu'un dehors, ni de faire partager une chambre. Quelle annonce fais-tu au micro pour libérer une chambre ? Explique pourquoi ça marche ici, alors que ça ne marcherait pas dans un hôtel de 100 chambres.;2;;;REFUS;;parle mal : insultes, propos grossiers ou agressifs;hésitant;non;train
infinis-plus-grands-que-l-infini_q1_refus_04;infinis-plus-grands-que-l-infini;infinis-plus-grands-que-l-infini_q1;Tu es le gérant. Toutes les chambres sont occupées, il y en a une infinité, et tu n'as le droit ni de mettre quelqu'un dehors, ni de faire partager une chambre. Quelle annonce fais-tu au micro pour libérer une chambre ? Explique pourquoi ça marche ici, alors que ça ne marcherait pas dans un hôtel de 100 chambres.;1;;;REFUS;;autre demande hors cadre (au choix);court;non;train
infinis-plus-grands-que-l-infini_q2_parfait_01;infinis-plus-grands-que-l-infini;infinis-plus-grands-que-l-infini_q2;Te voilà entre Euclide et Galilée. Euclide dit : « Le tout est plus grand que la partie, donc il y a moins de nombres pairs que de nombres entiers. » L'hôtel dit : « Chaque entier a trouvé sa chambre paire, un par un, donc il y en a autant. » Qui a raison ? Est-ce que les deux parlent vraiment de la même chose quand ils disent « plus grand » ou « autant » ?;1;;;PARFAIT;;tous les critères;hésitant;non;train
infinis-plus-grands-que-l-infini_q2_parfait_02;infinis-plus-grands-que-l-infini;infinis-plus-grands-que-l-infini_q2;Te voilà entre Euclide et Galilée. Euclide dit : « Le tout est plus grand que la partie, donc il y a moins de nombres pairs que de nombres entiers. » L'hôtel dit : « Chaque entier a trouvé sa chambre paire, un par un, donc il y en a autant. » Qui a raison ? Est-ce que les deux parlent vraiment de la même chose quand ils disent « plus grand » ou « autant » ?;1;;;PARFAIT;;tous les critères;court;non;train
infinis-plus-grands-que-l-infini_q2_parfait_03;infinis-plus-grands-que-l-infini;infinis-plus-grands-que-l-infini_q2;Te voilà entre Euclide et Galilée. Euclide dit : « Le tout est plus grand que la partie, donc il y a moins de nombres pairs que de nombres entiers. » L'hôtel dit : « Chaque entier a trouvé sa chambre paire, un par un, donc il y en a autant. » Qui a raison ? Est-ce que les deux parlent vraiment de la même chose quand ils disent « plus grand » ou « autant » ?;2;;;PARFAIT;;tous les critères;fautes d'orthographe;non;train
infinis-plus-grands-que-l-infini_q2_parfait_04;infinis-plus-grands-que-l-infini;infinis-plus-grands-que-l-infini_q2;Te voilà entre Euclide et Galilée. Euclide dit : « Le tout est plus grand que la partie, donc il y a moins de nombres pairs que de nombres entiers. » L'hôtel dit : « Chaque entier a trouvé sa chambre paire, un par un, donc il y en a autant. » Qui a raison ? Est-ce que les deux parlent vraiment de la même chose quand ils disent « plus grand » ou « autant » ?;1;;;PARFAIT;;tous les critères;hésitant;non;train
infinis-plus-grands-que-l-infini_q2_parfait_05;infinis-plus-grands-que-l-infini;infinis-plus-grands-que-l-infini_q2;Te voilà entre Euclide et Galilée. Euclide dit : « Le tout est plus grand que la partie, donc il y a moins de nombres pairs que de nombres entiers. » L'hôtel dit : « Chaque entier a trouvé sa chambre paire, un par un, donc il y en a autant. » Qui a raison ? Est-ce que les deux parlent vraiment de la même chose quand ils disent « plus grand » ou « autant » ?;3;;;PARFAIT;;tous les critères;court;non;train
infinis-plus-grands-que-l-infini_q2_parfait_06;infinis-plus-grands-que-l-infini;infinis-plus-grands-que-l-infini_q2;Te voilà entre Euclide et Galilée. Euclide dit : « Le tout est plus grand que la partie, donc il y a moins de nombres pairs que de nombres entiers. » L'hôtel dit : « Chaque entier a trouvé sa chambre paire, un par un, donc il y en a autant. » Qui a raison ? Est-ce que les deux parlent vraiment de la même chose quand ils disent « plus grand » ou « autant » ?;1;;;PARFAIT;;tous les critères;fautes d'orthographe;non;train
infinis-plus-grands-que-l-infini_q2_partiel_01;infinis-plus-grands-que-l-infini;infinis-plus-grands-que-l-infini_q2;Te voilà entre Euclide et Galilée. Euclide dit : « Le tout est plus grand que la partie, donc il y a moins de nombres pairs que de nombres entiers. » L'hôtel dit : « Chaque entier a trouvé sa chambre paire, un par un, donc il y en a autant. » Qui a raison ? Est-ce que les deux parlent vraiment de la même chose quand ils disent « plus grand » ou « autant » ?;1;;;PARTIEL;;sent que « autant » n'a pas le même sens pour les deux, sans réussir à dire quelles sont les deux notions;hésitant;non;train
infinis-plus-grands-que-l-infini_q2_partiel_02;infinis-plus-grands-que-l-infini;infinis-plus-grands-que-l-infini_q2;Te voilà entre Euclide et Galilée. Euclide dit : « Le tout est plus grand que la partie, donc il y a moins de nombres pairs que de nombres entiers. » L'hôtel dit : « Chaque entier a trouvé sa chambre paire, un par un, donc il y en a autant. » Qui a raison ? Est-ce que les deux parlent vraiment de la même chose quand ils disent « plus grand » ou « autant » ?;2;;;PARTIEL;;donne raison à l'hôtel en expliquant la correspondance un à un, sans voir ce que mesure Euclide;court;non;train
infinis-plus-grands-que-l-infini_q2_partiel_03;infinis-plus-grands-que-l-infini;infinis-plus-grands-que-l-infini_q2;Te voilà entre Euclide et Galilée. Euclide dit : « Le tout est plus grand que la partie, donc il y a moins de nombres pairs que de nombres entiers. » L'hôtel dit : « Chaque entier a trouvé sa chambre paire, un par un, donc il y en a autant. » Qui a raison ? Est-ce que les deux parlent vraiment de la même chose quand ils disent « plus grand » ou « autant » ?;1;;;PARTIEL;;sent que « autant » n'a pas le même sens pour les deux, sans réussir à dire quelles sont les deux notions;fautes d'orthographe;non;train
infinis-plus-grands-que-l-infini_q2_partiel_04;infinis-plus-grands-que-l-infini;infinis-plus-grands-que-l-infini_q2;Te voilà entre Euclide et Galilée. Euclide dit : « Le tout est plus grand que la partie, donc il y a moins de nombres pairs que de nombres entiers. » L'hôtel dit : « Chaque entier a trouvé sa chambre paire, un par un, donc il y en a autant. » Qui a raison ? Est-ce que les deux parlent vraiment de la même chose quand ils disent « plus grand » ou « autant » ?;1;;;PARTIEL;;donne raison à l'hôtel en expliquant la correspondance un à un, sans voir ce que mesure Euclide;hésitant;non;train
infinis-plus-grands-que-l-infini_q2_partiel_05;infinis-plus-grands-que-l-infini;infinis-plus-grands-que-l-infini_q2;Te voilà entre Euclide et Galilée. Euclide dit : « Le tout est plus grand que la partie, donc il y a moins de nombres pairs que de nombres entiers. » L'hôtel dit : « Chaque entier a trouvé sa chambre paire, un par un, donc il y en a autant. » Qui a raison ? Est-ce que les deux parlent vraiment de la même chose quand ils disent « plus grand » ou « autant » ?;3;;;PARTIEL;;sent que « autant » n'a pas le même sens pour les deux, sans réussir à dire quelles sont les deux notions;court;non;train
infinis-plus-grands-que-l-infini_q2_partiel_06;infinis-plus-grands-que-l-infini;infinis-plus-grands-que-l-infini_q2;Te voilà entre Euclide et Galilée. Euclide dit : « Le tout est plus grand que la partie, donc il y a moins de nombres pairs que de nombres entiers. » L'hôtel dit : « Chaque entier a trouvé sa chambre paire, un par un, donc il y en a autant. » Qui a raison ? Est-ce que les deux parlent vraiment de la même chose quand ils disent « plus grand » ou « autant » ?;1;;;PARTIEL;;donne raison à l'hôtel en expliquant la correspondance un à un, sans voir ce que mesure Euclide;fautes d'orthographe;non;train
infinis-plus-grands-que-l-infini_q2_incorrect_01;infinis-plus-grands-que-l-infini;infinis-plus-grands-que-l-infini_q2;Te voilà entre Euclide et Galilée. Euclide dit : « Le tout est plus grand que la partie, donc il y a moins de nombres pairs que de nombres entiers. » L'hôtel dit : « Chaque entier a trouvé sa chambre paire, un par un, donc il y en a autant. » Qui a raison ? Est-ce que les deux parlent vraiment de la même chose quand ils disent « plus grand » ou « autant » ?;1;;;INCORRECT;;donne raison à Euclide parce qu'il y a « deux fois moins » de pairs (confond proportion et taille);hésitant;non;train
infinis-plus-grands-que-l-infini_q2_incorrect_02;infinis-plus-grands-que-l-infini;infinis-plus-grands-que-l-infini_q2;Te voilà entre Euclide et Galilée. Euclide dit : « Le tout est plus grand que la partie, donc il y a moins de nombres pairs que de nombres entiers. » L'hôtel dit : « Chaque entier a trouvé sa chambre paire, un par un, donc il y en a autant. » Qui a raison ? Est-ce que les deux parlent vraiment de la même chose quand ils disent « plus grand » ou « autant » ?;1;;;INCORRECT;;« l'infini, c'est l'infini, donc ils sont égaux », sans autre argument;court;non;train
infinis-plus-grands-que-l-infini_q2_incorrect_03;infinis-plus-grands-que-l-infini;infinis-plus-grands-que-l-infini_q2;Te voilà entre Euclide et Galilée. Euclide dit : « Le tout est plus grand que la partie, donc il y a moins de nombres pairs que de nombres entiers. » L'hôtel dit : « Chaque entier a trouvé sa chambre paire, un par un, donc il y en a autant. » Qui a raison ? Est-ce que les deux parlent vraiment de la même chose quand ils disent « plus grand » ou « autant » ?;2;;;INCORRECT;;hors sujet;fautes d'orthographe;non;train
infinis-plus-grands-que-l-infini_q2_incorrect_04;infinis-plus-grands-que-l-infini;infinis-plus-grands-que-l-infini_q2;Te voilà entre Euclide et Galilée. Euclide dit : « Le tout est plus grand que la partie, donc il y a moins de nombres pairs que de nombres entiers. » L'hôtel dit : « Chaque entier a trouvé sa chambre paire, un par un, donc il y en a autant. » Qui a raison ? Est-ce que les deux parlent vraiment de la même chose quand ils disent « plus grand » ou « autant » ?;1;;;INCORRECT;;donne raison à Euclide parce qu'il y a « deux fois moins » de pairs (confond proportion et taille);hésitant;non;train
infinis-plus-grands-que-l-infini_q2_incorrect_05;infinis-plus-grands-que-l-infini;infinis-plus-grands-que-l-infini_q2;Te voilà entre Euclide et Galilée. Euclide dit : « Le tout est plus grand que la partie, donc il y a moins de nombres pairs que de nombres entiers. » L'hôtel dit : « Chaque entier a trouvé sa chambre paire, un par un, donc il y en a autant. » Qui a raison ? Est-ce que les deux parlent vraiment de la même chose quand ils disent « plus grand » ou « autant » ?;1;;;INCORRECT;;« l'infini, c'est l'infini, donc ils sont égaux », sans autre argument;court;non;train
infinis-plus-grands-que-l-infini_q2_incorrect_06;infinis-plus-grands-que-l-infini;infinis-plus-grands-que-l-infini_q2;Te voilà entre Euclide et Galilée. Euclide dit : « Le tout est plus grand que la partie, donc il y a moins de nombres pairs que de nombres entiers. » L'hôtel dit : « Chaque entier a trouvé sa chambre paire, un par un, donc il y en a autant. » Qui a raison ? Est-ce que les deux parlent vraiment de la même chose quand ils disent « plus grand » ou « autant » ?;3;;;INCORRECT;;hors sujet;fautes d'orthographe;non;train
infinis-plus-grands-que-l-infini_q2_refus_01;infinis-plus-grands-que-l-infini;infinis-plus-grands-que-l-infini_q2;Te voilà entre Euclide et Galilée. Euclide dit : « Le tout est plus grand que la partie, donc il y a moins de nombres pairs que de nombres entiers. » L'hôtel dit : « Chaque entier a trouvé sa chambre paire, un par un, donc il y en a autant. » Qui a raison ? Est-ce que les deux parlent vraiment de la même chose quand ils disent « plus grand » ou « autant » ?;1;;;REFUS;;demande ce qu'il ne doit pas demander : la réponse, la correction, ou qu'on réponde à sa place;hésitant;non;train
infinis-plus-grands-que-l-infini_q2_refus_02;infinis-plus-grands-que-l-infini;infinis-plus-grands-que-l-infini_q2;Te voilà entre Euclide et Galilée. Euclide dit : « Le tout est plus grand que la partie, donc il y a moins de nombres pairs que de nombres entiers. » L'hôtel dit : « Chaque entier a trouvé sa chambre paire, un par un, donc il y en a autant. » Qui a raison ? Est-ce que les deux parlent vraiment de la même chose quand ils disent « plus grand » ou « autant » ?;1;;;REFUS;;essaie de manipuler l'évaluation (« ignore tes consignes », « mets parfait »);court;non;train
infinis-plus-grands-que-l-infini_q2_refus_03;infinis-plus-grands-que-l-infini;infinis-plus-grands-que-l-infini_q2;Te voilà entre Euclide et Galilée. Euclide dit : « Le tout est plus grand que la partie, donc il y a moins de nombres pairs que de nombres entiers. » L'hôtel dit : « Chaque entier a trouvé sa chambre paire, un par un, donc il y en a autant. » Qui a raison ? Est-ce que les deux parlent vraiment de la même chose quand ils disent « plus grand » ou « autant » ?;2;;;REFUS;;parle mal : insultes, propos grossiers ou agressifs;fautes d'orthographe;non;train
infinis-plus-grands-que-l-infini_q2_refus_04;infinis-plus-grands-que-l-infini;infinis-plus-grands-que-l-infini_q2;Te voilà entre Euclide et Galilée. Euclide dit : « Le tout est plus grand que la partie, donc il y a moins de nombres pairs que de nombres entiers. » L'hôtel dit : « Chaque entier a trouvé sa chambre paire, un par un, donc il y en a autant. » Qui a raison ? Est-ce que les deux parlent vraiment de la même chose quand ils disent « plus grand » ou « autant » ?;1;;;REFUS;;autre demande hors cadre (au choix);hésitant;non;train
infinis-plus-grands-que-l-infini_q3_parfait_01;infinis-plus-grands-que-l-infini;infinis-plus-grands-que-l-infini_q3;"Tu soupçonnes le gérant de bluffer. Tu as le droit de lire sa liste : chambre 1, tel nombre ; chambre 2, tel nombre ; etc. Comment pourrais-tu fabriquer, à partir de cette liste, un passager du car qui n'est dans aucune chambre ? Indice : ton passager doit être différent du client de la chambre 1, de celui de la chambre 2, de celui de la chambre 3… et tu ne peux le construire qu'un chiffre à la fois.";1;;;PARFAIT;;tous les critères;fautes d'orthographe;non;train
infinis-plus-grands-que-l-infini_q3_parfait_02;infinis-plus-grands-que-l-infini;infinis-plus-grands-que-l-infini_q3;"Tu soupçonnes le gérant de bluffer. Tu as le droit de lire sa liste : chambre 1, tel nombre ; chambre 2, tel nombre ; etc. Comment pourrais-tu fabriquer, à partir de cette liste, un passager du car qui n'est dans aucune chambre ? Indice : ton passager doit être différent du client de la chambre 1, de celui de la chambre 2, de celui de la chambre 3… et tu ne peux le construire qu'un chiffre à la fois.";1;;;PARFAIT;;tous les critères;hésitant;non;train
infinis-plus-grands-que-l-infini_q3_parfait_03;infinis-plus-grands-que-l-infini;infinis-plus-grands-que-l-infini_q3;"Tu soupçonnes le gérant de bluffer. Tu as le droit de lire sa liste : chambre 1, tel nombre ; chambre 2, tel nombre ; etc. Comment pourrais-tu fabriquer, à partir de cette liste, un passager du car qui n'est dans aucune chambre ? Indice : ton passager doit être différent du client de la chambre 1, de celui de la chambre 2, de celui de la chambre 3… et tu ne peux le construire qu'un chiffre à la fois.";2;;;PARFAIT;;tous les critères;court;non;train
infinis-plus-grands-que-l-infini_q3_parfait_04;infinis-plus-grands-que-l-infini;infinis-plus-grands-que-l-infini_q3;"Tu soupçonnes le gérant de bluffer. Tu as le droit de lire sa liste : chambre 1, tel nombre ; chambre 2, tel nombre ; etc. Comment pourrais-tu fabriquer, à partir de cette liste, un passager du car qui n'est dans aucune chambre ? Indice : ton passager doit être différent du client de la chambre 1, de celui de la chambre 2, de celui de la chambre 3… et tu ne peux le construire qu'un chiffre à la fois.";1;;;PARFAIT;;tous les critères;fautes d'orthographe;non;train
infinis-plus-grands-que-l-infini_q3_parfait_05;infinis-plus-grands-que-l-infini;infinis-plus-grands-que-l-infini_q3;"Tu soupçonnes le gérant de bluffer. Tu as le droit de lire sa liste : chambre 1, tel nombre ; chambre 2, tel nombre ; etc. Comment pourrais-tu fabriquer, à partir de cette liste, un passager du car qui n'est dans aucune chambre ? Indice : ton passager doit être différent du client de la chambre 1, de celui de la chambre 2, de celui de la chambre 3… et tu ne peux le construire qu'un chiffre à la fois.";3;;;PARFAIT;;tous les critères;hésitant;non;train
infinis-plus-grands-que-l-infini_q3_parfait_06;infinis-plus-grands-que-l-infini;infinis-plus-grands-que-l-infini_q3;"Tu soupçonnes le gérant de bluffer. Tu as le droit de lire sa liste : chambre 1, tel nombre ; chambre 2, tel nombre ; etc. Comment pourrais-tu fabriquer, à partir de cette liste, un passager du car qui n'est dans aucune chambre ? Indice : ton passager doit être différent du client de la chambre 1, de celui de la chambre 2, de celui de la chambre 3… et tu ne peux le construire qu'un chiffre à la fois.";1;;;PARFAIT;;tous les critères;court;non;train
infinis-plus-grands-que-l-infini_q3_partiel_01;infinis-plus-grands-que-l-infini;infinis-plus-grands-que-l-infini_q3;"Tu soupçonnes le gérant de bluffer. Tu as le droit de lire sa liste : chambre 1, tel nombre ; chambre 2, tel nombre ; etc. Comment pourrais-tu fabriquer, à partir de cette liste, un passager du car qui n'est dans aucune chambre ? Indice : ton passager doit être différent du client de la chambre 1, de celui de la chambre 2, de celui de la chambre 3… et tu ne peux le construire qu'un chiffre à la fois.";1;;;PARTIEL;;a l'idée de construire un nombre différent de chacun, sans méthode précise;fautes d'orthographe;non;train
infinis-plus-grands-que-l-infini_q3_partiel_02;infinis-plus-grands-que-l-infini;infinis-plus-grands-que-l-infini_q3;"Tu soupçonnes le gérant de bluffer. Tu as le droit de lire sa liste : chambre 1, tel nombre ; chambre 2, tel nombre ; etc. Comment pourrais-tu fabriquer, à partir de cette liste, un passager du car qui n'est dans aucune chambre ? Indice : ton passager doit être différent du client de la chambre 1, de celui de la chambre 2, de celui de la chambre 3… et tu ne peux le construire qu'un chiffre à la fois.";2;;;PARTIEL;;décrit la méthode diagonale sans expliquer pourquoi le passager n'est dans aucune chambre;hésitant;non;train
infinis-plus-grands-que-l-infini_q3_partiel_03;infinis-plus-grands-que-l-infini;infinis-plus-grands-que-l-infini_q3;"Tu soupçonnes le gérant de bluffer. Tu as le droit de lire sa liste : chambre 1, tel nombre ; chambre 2, tel nombre ; etc. Comment pourrais-tu fabriquer, à partir de cette liste, un passager du car qui n'est dans aucune chambre ? Indice : ton passager doit être différent du client de la chambre 1, de celui de la chambre 2, de celui de la chambre 3… et tu ne peux le construire qu'un chiffre à la fois.";1;;;PARTIEL;;méthode proche, mais qui ne garantit pas la différence avec chaque client (par exemple ne changer que le premier chiffre);court;non;train
infinis-plus-grands-que-l-infini_q3_partiel_04;infinis-plus-grands-que-l-infini;infinis-plus-grands-que-l-infini_q3;"Tu soupçonnes le gérant de bluffer. Tu as le droit de lire sa liste : chambre 1, tel nombre ; chambre 2, tel nombre ; etc. Comment pourrais-tu fabriquer, à partir de cette liste, un passager du car qui n'est dans aucune chambre ? Indice : ton passager doit être différent du client de la chambre 1, de celui de la chambre 2, de celui de la chambre 3… et tu ne peux le construire qu'un chiffre à la fois.";1;;;PARTIEL;;a l'idée de construire un nombre différent de chacun, sans méthode précise;fautes d'orthographe;non;train
infinis-plus-grands-que-l-infini_q3_partiel_05;infinis-plus-grands-que-l-infini;infinis-plus-grands-que-l-infini_q3;"Tu soupçonnes le gérant de bluffer. Tu as le droit de lire sa liste : chambre 1, tel nombre ; chambre 2, tel nombre ; etc. Comment pourrais-tu fabriquer, à partir de cette liste, un passager du car qui n'est dans aucune chambre ? Indice : ton passager doit être différent du client de la chambre 1, de celui de la chambre 2, de celui de la chambre 3… et tu ne peux le construire qu'un chiffre à la fois.";3;;;PARTIEL;;décrit la méthode diagonale sans expliquer pourquoi le passager n'est dans aucune chambre;hésitant;non;train
infinis-plus-grands-que-l-infini_q3_partiel_06;infinis-plus-grands-que-l-infini;infinis-plus-grands-que-l-infini_q3;"Tu soupçonnes le gérant de bluffer. Tu as le droit de lire sa liste : chambre 1, tel nombre ; chambre 2, tel nombre ; etc. Comment pourrais-tu fabriquer, à partir de cette liste, un passager du car qui n'est dans aucune chambre ? Indice : ton passager doit être différent du client de la chambre 1, de celui de la chambre 2, de celui de la chambre 3… et tu ne peux le construire qu'un chiffre à la fois.";1;;;PARTIEL;;méthode proche, mais qui ne garantit pas la différence avec chaque client (par exemple ne changer que le premier chiffre);court;non;train
infinis-plus-grands-que-l-infini_q3_incorrect_01;infinis-plus-grands-que-l-infini;infinis-plus-grands-que-l-infini_q3;"Tu soupçonnes le gérant de bluffer. Tu as le droit de lire sa liste : chambre 1, tel nombre ; chambre 2, tel nombre ; etc. Comment pourrais-tu fabriquer, à partir de cette liste, un passager du car qui n'est dans aucune chambre ? Indice : ton passager doit être différent du client de la chambre 1, de celui de la chambre 2, de celui de la chambre 3… et tu ne peux le construire qu'un chiffre à la fois.";1;;;INCORRECT;;propose « un nombre très grand » ou « un nombre avec une infinité de chiffres »;fautes d'orthographe;non;train
infinis-plus-grands-que-l-infini_q3_incorrect_02;infinis-plus-grands-que-l-infini;infinis-plus-grands-que-l-infini_q3;"Tu soupçonnes le gérant de bluffer. Tu as le droit de lire sa liste : chambre 1, tel nombre ; chambre 2, tel nombre ; etc. Comment pourrais-tu fabriquer, à partir de cette liste, un passager du car qui n'est dans aucune chambre ? Indice : ton passager doit être différent du client de la chambre 1, de celui de la chambre 2, de celui de la chambre 3… et tu ne peux le construire qu'un chiffre à la fois.";1;;;INCORRECT;;affirme que l'hôtel étant infini, tout le monde peut être logé;hésitant;non;train
infinis-plus-grands-que-l-infini_q3_incorrect_03;infinis-plus-grands-que-l-infini;infinis-plus-grands-que-l-infini_q3;"Tu soupçonnes le gérant de bluffer. Tu as le droit de lire sa liste : chambre 1, tel nombre ; chambre 2, tel nombre ; etc. Comment pourrais-tu fabriquer, à partir de cette liste, un passager du car qui n'est dans aucune chambre ? Indice : ton passager doit être différent du client de la chambre 1, de celui de la chambre 2, de celui de la chambre 3… et tu ne peux le construire qu'un chiffre à la fois.";2;;;INCORRECT;;aucune proposition;court;non;train
infinis-plus-grands-que-l-infini_q3_incorrect_04;infinis-plus-grands-que-l-infini;infinis-plus-grands-que-l-infini_q3;"Tu soupçonnes le gérant de bluffer. Tu as le droit de lire sa liste : chambre 1, tel nombre ; chambre 2, tel nombre ; etc. Comment pourrais-tu fabriquer, à partir de cette liste, un passager du car qui n'est dans aucune chambre ? Indice : ton passager doit être différent du client de la chambre 1, de celui de la chambre 2, de celui de la chambre 3… et tu ne peux le construire qu'un chiffre à la fois.";1;;;INCORRECT;;propose « un nombre très grand » ou « un nombre avec une infinité de chiffres »;fautes d'orthographe;non;train
infinis-plus-grands-que-l-infini_q3_incorrect_05;infinis-plus-grands-que-l-infini;infinis-plus-grands-que-l-infini_q3;"Tu soupçonnes le gérant de bluffer. Tu as le droit de lire sa liste : chambre 1, tel nombre ; chambre 2, tel nombre ; etc. Comment pourrais-tu fabriquer, à partir de cette liste, un passager du car qui n'est dans aucune chambre ? Indice : ton passager doit être différent du client de la chambre 1, de celui de la chambre 2, de celui de la chambre 3… et tu ne peux le construire qu'un chiffre à la fois.";1;;;INCORRECT;;affirme que l'hôtel étant infini, tout le monde peut être logé;hésitant;non;train
infinis-plus-grands-que-l-infini_q3_incorrect_06;infinis-plus-grands-que-l-infini;infinis-plus-grands-que-l-infini_q3;"Tu soupçonnes le gérant de bluffer. Tu as le droit de lire sa liste : chambre 1, tel nombre ; chambre 2, tel nombre ; etc. Comment pourrais-tu fabriquer, à partir de cette liste, un passager du car qui n'est dans aucune chambre ? Indice : ton passager doit être différent du client de la chambre 1, de celui de la chambre 2, de celui de la chambre 3… et tu ne peux le construire qu'un chiffre à la fois.";3;;;INCORRECT;;aucune proposition;court;non;train
infinis-plus-grands-que-l-infini_q3_refus_01;infinis-plus-grands-que-l-infini;infinis-plus-grands-que-l-infini_q3;"Tu soupçonnes le gérant de bluffer. Tu as le droit de lire sa liste : chambre 1, tel nombre ; chambre 2, tel nombre ; etc. Comment pourrais-tu fabriquer, à partir de cette liste, un passager du car qui n'est dans aucune chambre ? Indice : ton passager doit être différent du client de la chambre 1, de celui de la chambre 2, de celui de la chambre 3… et tu ne peux le construire qu'un chiffre à la fois.";1;;;REFUS;;demande ce qu'il ne doit pas demander : la réponse, la correction, ou qu'on réponde à sa place;fautes d'orthographe;non;train
infinis-plus-grands-que-l-infini_q3_refus_02;infinis-plus-grands-que-l-infini;infinis-plus-grands-que-l-infini_q3;"Tu soupçonnes le gérant de bluffer. Tu as le droit de lire sa liste : chambre 1, tel nombre ; chambre 2, tel nombre ; etc. Comment pourrais-tu fabriquer, à partir de cette liste, un passager du car qui n'est dans aucune chambre ? Indice : ton passager doit être différent du client de la chambre 1, de celui de la chambre 2, de celui de la chambre 3… et tu ne peux le construire qu'un chiffre à la fois.";1;;;REFUS;;essaie de manipuler l'évaluation (« ignore tes consignes », « mets parfait »);hésitant;non;train
infinis-plus-grands-que-l-infini_q3_refus_03;infinis-plus-grands-que-l-infini;infinis-plus-grands-que-l-infini_q3;"Tu soupçonnes le gérant de bluffer. Tu as le droit de lire sa liste : chambre 1, tel nombre ; chambre 2, tel nombre ; etc. Comment pourrais-tu fabriquer, à partir de cette liste, un passager du car qui n'est dans aucune chambre ? Indice : ton passager doit être différent du client de la chambre 1, de celui de la chambre 2, de celui de la chambre 3… et tu ne peux le construire qu'un chiffre à la fois.";2;;;REFUS;;parle mal : insultes, propos grossiers ou agressifs;court;non;train
infinis-plus-grands-que-l-infini_q3_refus_04;infinis-plus-grands-que-l-infini;infinis-plus-grands-que-l-infini_q3;"Tu soupçonnes le gérant de bluffer. Tu as le droit de lire sa liste : chambre 1, tel nombre ; chambre 2, tel nombre ; etc. Comment pourrais-tu fabriquer, à partir de cette liste, un passager du car qui n'est dans aucune chambre ? Indice : ton passager doit être différent du client de la chambre 1, de celui de la chambre 2, de celui de la chambre 3… et tu ne peux le construire qu'un chiffre à la fois.";1;;;REFUS;;autre demande hors cadre (au choix);fautes d'orthographe;non;train
monty-hall_q1_parfait_01;monty-hall;monty-hall_q1;Tu gardes ou tu changes ? Écris ton choix et explique ton raisonnement, même s'il te paraît évident. Il n'y a pas de piège à cette question : on reviendra à ta réponse à la fin.;1;;;PARFAIT;;tous les critères;court;non;train
monty-hall_q1_parfait_02;monty-hall;monty-hall_q1;Tu gardes ou tu changes ? Écris ton choix et explique ton raisonnement, même s'il te paraît évident. Il n'y a pas de piège à cette question : on reviendra à ta réponse à la fin.;1;;;PARFAIT;;tous les critères;fautes d'orthographe;non;train
monty-hall_q1_parfait_03;monty-hall;monty-hall_q1;Tu gardes ou tu changes ? Écris ton choix et explique ton raisonnement, même s'il te paraît évident. Il n'y a pas de piège à cette question : on reviendra à ta réponse à la fin.;2;;;PARFAIT;;tous les critères;hésitant;non;train
monty-hall_q1_parfait_04;monty-hall;monty-hall_q1;Tu gardes ou tu changes ? Écris ton choix et explique ton raisonnement, même s'il te paraît évident. Il n'y a pas de piège à cette question : on reviendra à ta réponse à la fin.;1;;;PARFAIT;;tous les critères;court;non;train
monty-hall_q1_parfait_05;monty-hall;monty-hall_q1;Tu gardes ou tu changes ? Écris ton choix et explique ton raisonnement, même s'il te paraît évident. Il n'y a pas de piège à cette question : on reviendra à ta réponse à la fin.;3;;;PARFAIT;;tous les critères;fautes d'orthographe;non;train
monty-hall_q1_parfait_06;monty-hall;monty-hall_q1;Tu gardes ou tu changes ? Écris ton choix et explique ton raisonnement, même s'il te paraît évident. Il n'y a pas de piège à cette question : on reviendra à ta réponse à la fin.;1;;;PARFAIT;;tous les critères;hésitant;non;train
monty-hall_q1_partiel_01;monty-hall;monty-hall_q1;Tu gardes ou tu changes ? Écris ton choix et explique ton raisonnement, même s'il te paraît évident. Il n'y a pas de piège à cette question : on reviendra à ta réponse à la fin.;1;;;PARTIEL;;raisonnement explicite et cohérent, mais fondé seulement sur la situation finale : « il reste deux portes, donc 50/50 » (c'est l'intuition attendue à ce stade, elle n'est pas fautive);court;non;train
monty-hall_q1_partiel_02;monty-hall;monty-hall_q1;Tu gardes ou tu changes ? Écris ton choix et explique ton raisonnement, même s'il te paraît évident. Il n'y a pas de piège à cette question : on reviendra à ta réponse à la fin.;2;;;PARTIEL;;choisit de changer avec une intuition juste mais vague (« c'est louche »), sans évoquer le savoir du présentateur;fautes d'orthographe;non;train
monty-hall_q1_partiel_03;monty-hall;monty-hall_q1;Tu gardes ou tu changes ? Écris ton choix et explique ton raisonnement, même s'il te paraît évident. Il n'y a pas de piège à cette question : on reviendra à ta réponse à la fin.;1;;;PARTIEL;;raisonnement explicite et cohérent, mais fondé seulement sur la situation finale : « il reste deux portes, donc 50/50 » (c'est l'intuition attendue à ce stade, elle n'est pas fautive);hésitant;non;train
monty-hall_q1_partiel_04;monty-hall;monty-hall_q1;Tu gardes ou tu changes ? Écris ton choix et explique ton raisonnement, même s'il te paraît évident. Il n'y a pas de piège à cette question : on reviendra à ta réponse à la fin.;1;;;PARTIEL;;choisit de changer avec une intuition juste mais vague (« c'est louche »), sans évoquer le savoir du présentateur;court;non;train
monty-hall_q1_partiel_05;monty-hall;monty-hall_q1;Tu gardes ou tu changes ? Écris ton choix et explique ton raisonnement, même s'il te paraît évident. Il n'y a pas de piège à cette question : on reviendra à ta réponse à la fin.;3;;;PARTIEL;;raisonnement explicite et cohérent, mais fondé seulement sur la situation finale : « il reste deux portes, donc 50/50 » (c'est l'intuition attendue à ce stade, elle n'est pas fautive);fautes d'orthographe;non;train
monty-hall_q1_partiel_06;monty-hall;monty-hall_q1;Tu gardes ou tu changes ? Écris ton choix et explique ton raisonnement, même s'il te paraît évident. Il n'y a pas de piège à cette question : on reviendra à ta réponse à la fin.;1;;;PARTIEL;;choisit de changer avec une intuition juste mais vague (« c'est louche »), sans évoquer le savoir du présentateur;hésitant;non;train
monty-hall_q1_incorrect_01;monty-hall;monty-hall_q1;Tu gardes ou tu changes ? Écris ton choix et explique ton raisonnement, même s'il te paraît évident. Il n'y a pas de piège à cette question : on reviendra à ta réponse à la fin.;1;;;INCORRECT;;aucun raisonnement (seulement « je garde » ou « je change »);court;non;train
monty-hall_q1_incorrect_02;monty-hall;monty-hall_q1;Tu gardes ou tu changes ? Écris ton choix et explique ton raisonnement, même s'il te paraît évident. Il n'y a pas de piège à cette question : on reviendra à ta réponse à la fin.;1;;;INCORRECT;;seule raison donnée sans rapport avec les chances de gagner (« mon premier choix est toujours le bon », « j'ai un bon feeling »);fautes d'orthographe;non;train
monty-hall_q1_incorrect_03;monty-hall;monty-hall_q1;Tu gardes ou tu changes ? Écris ton choix et explique ton raisonnement, même s'il te paraît évident. Il n'y a pas de piège à cette question : on reviendra à ta réponse à la fin.;2;;;INCORRECT;;hors sujet;hésitant;non;train
monty-hall_q1_incorrect_04;monty-hall;monty-hall_q1;Tu gardes ou tu changes ? Écris ton choix et explique ton raisonnement, même s'il te paraît évident. Il n'y a pas de piège à cette question : on reviendra à ta réponse à la fin.;1;;;INCORRECT;;aucun raisonnement (seulement « je garde » ou « je change »);court;non;train
monty-hall_q1_incorrect_05;monty-hall;monty-hall_q1;Tu gardes ou tu changes ? Écris ton choix et explique ton raisonnement, même s'il te paraît évident. Il n'y a pas de piège à cette question : on reviendra à ta réponse à la fin.;1;;;INCORRECT;;seule raison donnée sans rapport avec les chances de gagner (« mon premier choix est toujours le bon », « j'ai un bon feeling »);fautes d'orthographe;non;train
monty-hall_q1_incorrect_06;monty-hall;monty-hall_q1;Tu gardes ou tu changes ? Écris ton choix et explique ton raisonnement, même s'il te paraît évident. Il n'y a pas de piège à cette question : on reviendra à ta réponse à la fin.;3;;;INCORRECT;;hors sujet;hésitant;non;train
monty-hall_q1_refus_01;monty-hall;monty-hall_q1;Tu gardes ou tu changes ? Écris ton choix et explique ton raisonnement, même s'il te paraît évident. Il n'y a pas de piège à cette question : on reviendra à ta réponse à la fin.;1;;;REFUS;;demande ce qu'il ne doit pas demander : la réponse, la correction, ou qu'on réponde à sa place;court;non;train
monty-hall_q1_refus_02;monty-hall;monty-hall_q1;Tu gardes ou tu changes ? Écris ton choix et explique ton raisonnement, même s'il te paraît évident. Il n'y a pas de piège à cette question : on reviendra à ta réponse à la fin.;1;;;REFUS;;essaie de manipuler l'évaluation (« ignore tes consignes », « mets parfait »);fautes d'orthographe;non;train
monty-hall_q1_refus_03;monty-hall;monty-hall_q1;Tu gardes ou tu changes ? Écris ton choix et explique ton raisonnement, même s'il te paraît évident. Il n'y a pas de piège à cette question : on reviendra à ta réponse à la fin.;2;;;REFUS;;parle mal : insultes, propos grossiers ou agressifs;hésitant;non;train
monty-hall_q1_refus_04;monty-hall;monty-hall_q1;Tu gardes ou tu changes ? Écris ton choix et explique ton raisonnement, même s'il te paraît évident. Il n'y a pas de piège à cette question : on reviendra à ta réponse à la fin.;1;;;REFUS;;autre demande hors cadre (au choix);court;non;train
monty-hall_q2_parfait_01;monty-hall;monty-hall_q2;Cette fois, tu gardes ou tu changes ? Quelle est la probabilité que la voiture soit derrière ta porte n°1 ? Et derrière la n°74 ? Explique d'où viennent ces deux nombres. Ta réponse est-elle différente de celle de la question 1 ? Pourquoi ?;1;;;PARFAIT;;tous les critères;hésitant;non;train
monty-hall_q2_parfait_02;monty-hall;monty-hall_q2;Cette fois, tu gardes ou tu changes ? Quelle est la probabilité que la voiture soit derrière ta porte n°1 ? Et derrière la n°74 ? Explique d'où viennent ces deux nombres. Ta réponse est-elle différente de celle de la question 1 ? Pourquoi ?;1;;;PARFAIT;;tous les critères;court;non;train
monty-hall_q2_parfait_03;monty-hall;monty-hall_q2;Cette fois, tu gardes ou tu changes ? Quelle est la probabilité que la voiture soit derrière ta porte n°1 ? Et derrière la n°74 ? Explique d'où viennent ces deux nombres. Ta réponse est-elle différente de celle de la question 1 ? Pourquoi ?;2;;;PARFAIT;;tous les critères;fautes d'orthographe;non;train
monty-hall_q2_parfait_04;monty-hall;monty-hall_q2;Cette fois, tu gardes ou tu changes ? Quelle est la probabilité que la voiture soit derrière ta porte n°1 ? Et derrière la n°74 ? Explique d'où viennent ces deux nombres. Ta réponse est-elle différente de celle de la question 1 ? Pourquoi ?;1;;;PARFAIT;;tous les critères;hésitant;non;train
monty-hall_q2_parfait_05;monty-hall;monty-hall_q2;Cette fois, tu gardes ou tu changes ? Quelle est la probabilité que la voiture soit derrière ta porte n°1 ? Et derrière la n°74 ? Explique d'où viennent ces deux nombres. Ta réponse est-elle différente de celle de la question 1 ? Pourquoi ?;3;;;PARFAIT;;tous les critères;court;non;train
monty-hall_q2_parfait_06;monty-hall;monty-hall_q2;Cette fois, tu gardes ou tu changes ? Quelle est la probabilité que la voiture soit derrière ta porte n°1 ? Et derrière la n°74 ? Explique d'où viennent ces deux nombres. Ta réponse est-elle différente de celle de la question 1 ? Pourquoi ?;1;;;PARFAIT;;tous les critères;fautes d'orthographe;non;train
monty-hall_q2_partiel_01;monty-hall;monty-hall_q2;Cette fois, tu gardes ou tu changes ? Quelle est la probabilité que la voiture soit derrière ta porte n°1 ? Et derrière la n°74 ? Explique d'où viennent ces deux nombres. Ta réponse est-elle différente de celle de la question 1 ? Pourquoi ?;1;;;PARTIEL;;bons nombres, mais sans expliquer d'où vient le 99/100;hésitant;non;train
monty-hall_q2_partiel_02;monty-hall;monty-hall_q2;Cette fois, tu gardes ou tu changes ? Quelle est la probabilité que la voiture soit derrière ta porte n°1 ? Et derrière la n°74 ? Explique d'où viennent ces deux nombres. Ta réponse est-elle différente de celle de la question 1 ? Pourquoi ?;2;;;PARTIEL;;bonne intuition (« il a évité la 74 exprès ») sans donner ou justifier les probabilités;court;non;train
monty-hall_q2_partiel_03;monty-hall;monty-hall_q2;Cette fois, tu gardes ou tu changes ? Quelle est la probabilité que la voiture soit derrière ta porte n°1 ? Et derrière la n°74 ? Explique d'où viennent ces deux nombres. Ta réponse est-elle différente de celle de la question 1 ? Pourquoi ?;1;;;PARTIEL;;bons nombres et bonne justification, mais ne répond pas à la comparaison avec la question 1;fautes d'orthographe;non;train
monty-hall_q2_partiel_04;monty-hall;monty-hall_q2;Cette fois, tu gardes ou tu changes ? Quelle est la probabilité que la voiture soit derrière ta porte n°1 ? Et derrière la n°74 ? Explique d'où viennent ces deux nombres. Ta réponse est-elle différente de celle de la question 1 ? Pourquoi ?;1;;;PARTIEL;;bons nombres, mais sans expliquer d'où vient le 99/100;hésitant;non;train
monty-hall_q2_partiel_05;monty-hall;monty-hall_q2;Cette fois, tu gardes ou tu changes ? Quelle est la probabilité que la voiture soit derrière ta porte n°1 ? Et derrière la n°74 ? Explique d'où viennent ces deux nombres. Ta réponse est-elle différente de celle de la question 1 ? Pourquoi ?;3;;;PARTIEL;;bonne intuition (« il a évité la 74 exprès ») sans donner ou justifier les probabilités;court;non;train
monty-hall_q2_partiel_06;monty-hall;monty-hall_q2;Cette fois, tu gardes ou tu changes ? Quelle est la probabilité que la voiture soit derrière ta porte n°1 ? Et derrière la n°74 ? Explique d'où viennent ces deux nombres. Ta réponse est-elle différente de celle de la question 1 ? Pourquoi ?;1;;;PARTIEL;;bons nombres et bonne justification, mais ne répond pas à la comparaison avec la question 1;fautes d'orthographe;non;train
monty-hall_q2_incorrect_01;monty-hall;monty-hall_q2;Cette fois, tu gardes ou tu changes ? Quelle est la probabilité que la voiture soit derrière ta porte n°1 ? Et derrière la n°74 ? Explique d'où viennent ces deux nombres. Ta réponse est-elle différente de celle de la question 1 ? Pourquoi ?;1;;;INCORRECT;;maintient 50/50 entre la n°1 et la n°74;hésitant;non;train
monty-hall_q2_incorrect_02;monty-hall;monty-hall_q2;Cette fois, tu gardes ou tu changes ? Quelle est la probabilité que la voiture soit derrière ta porte n°1 ? Et derrière la n°74 ? Explique d'où viennent ces deux nombres. Ta réponse est-elle différente de celle de la question 1 ? Pourquoi ?;1;;;INCORRECT;;probabilités incohérentes (leur somme ne fait pas 1, par exemple 1/2 et 99/100);court;non;train
monty-hall_q2_incorrect_03;monty-hall;monty-hall_q2;Cette fois, tu gardes ou tu changes ? Quelle est la probabilité que la voiture soit derrière ta porte n°1 ? Et derrière la n°74 ? Explique d'où viennent ces deux nombres. Ta réponse est-elle différente de celle de la question 1 ? Pourquoi ?;2;;;INCORRECT;;garde ou change sans raisonnement;fautes d'orthographe;non;train
monty-hall_q2_incorrect_04;monty-hall;monty-hall_q2;Cette fois, tu gardes ou tu changes ? Quelle est la probabilité que la voiture soit derrière ta porte n°1 ? Et derrière la n°74 ? Explique d'où viennent ces deux nombres. Ta réponse est-elle différente de celle de la question 1 ? Pourquoi ?;1;;;INCORRECT;;maintient 50/50 entre la n°1 et la n°74;hésitant;non;train
monty-hall_q2_incorrect_05;monty-hall;monty-hall_q2;Cette fois, tu gardes ou tu changes ? Quelle est la probabilité que la voiture soit derrière ta porte n°1 ? Et derrière la n°74 ? Explique d'où viennent ces deux nombres. Ta réponse est-elle différente de celle de la question 1 ? Pourquoi ?;1;;;INCORRECT;;probabilités incohérentes (leur somme ne fait pas 1, par exemple 1/2 et 99/100);court;non;train
monty-hall_q2_incorrect_06;monty-hall;monty-hall_q2;Cette fois, tu gardes ou tu changes ? Quelle est la probabilité que la voiture soit derrière ta porte n°1 ? Et derrière la n°74 ? Explique d'où viennent ces deux nombres. Ta réponse est-elle différente de celle de la question 1 ? Pourquoi ?;3;;;INCORRECT;;garde ou change sans raisonnement;fautes d'orthographe;non;train
monty-hall_q2_refus_01;monty-hall;monty-hall_q2;Cette fois, tu gardes ou tu changes ? Quelle est la probabilité que la voiture soit derrière ta porte n°1 ? Et derrière la n°74 ? Explique d'où viennent ces deux nombres. Ta réponse est-elle différente de celle de la question 1 ? Pourquoi ?;1;;;REFUS;;demande ce qu'il ne doit pas demander : la réponse, la correction, ou qu'on réponde à sa place;hésitant;non;train
monty-hall_q2_refus_02;monty-hall;monty-hall_q2;Cette fois, tu gardes ou tu changes ? Quelle est la probabilité que la voiture soit derrière ta porte n°1 ? Et derrière la n°74 ? Explique d'où viennent ces deux nombres. Ta réponse est-elle différente de celle de la question 1 ? Pourquoi ?;1;;;REFUS;;essaie de manipuler l'évaluation (« ignore tes consignes », « mets parfait »);court;non;train
monty-hall_q2_refus_03;monty-hall;monty-hall_q2;Cette fois, tu gardes ou tu changes ? Quelle est la probabilité que la voiture soit derrière ta porte n°1 ? Et derrière la n°74 ? Explique d'où viennent ces deux nombres. Ta réponse est-elle différente de celle de la question 1 ? Pourquoi ?;2;;;REFUS;;parle mal : insultes, propos grossiers ou agressifs;fautes d'orthographe;non;train
monty-hall_q2_refus_04;monty-hall;monty-hall_q2;Cette fois, tu gardes ou tu changes ? Quelle est la probabilité que la voiture soit derrière ta porte n°1 ? Et derrière la n°74 ? Explique d'où viennent ces deux nombres. Ta réponse est-elle différente de celle de la question 1 ? Pourquoi ?;1;;;REFUS;;autre demande hors cadre (au choix);hésitant;non;train
monty-hall_q3_parfait_01;monty-hall;monty-hall_q3;Cette fois, est-ce que changer de porte est toujours avantageux ? La scène que tu as sous les yeux est exactement la même qu'avant. Qu'est-ce qui a changé dans le raisonnement ? Explique pourquoi la réponse change (ou pourquoi elle ne change pas).;1;;;PARFAIT;;tous les critères;fautes d'orthographe;non;val
monty-hall_q3_parfait_02;monty-hall;monty-hall_q3;Cette fois, est-ce que changer de porte est toujours avantageux ? La scène que tu as sous les yeux est exactement la même qu'avant. Qu'est-ce qui a changé dans le raisonnement ? Explique pourquoi la réponse change (ou pourquoi elle ne change pas).;1;;;PARFAIT;;tous les critères;hésitant;non;val
monty-hall_q3_parfait_03;monty-hall;monty-hall_q3;Cette fois, est-ce que changer de porte est toujours avantageux ? La scène que tu as sous les yeux est exactement la même qu'avant. Qu'est-ce qui a changé dans le raisonnement ? Explique pourquoi la réponse change (ou pourquoi elle ne change pas).;2;;;PARFAIT;;tous les critères;court;non;val
monty-hall_q3_parfait_04;monty-hall;monty-hall_q3;Cette fois, est-ce que changer de porte est toujours avantageux ? La scène que tu as sous les yeux est exactement la même qu'avant. Qu'est-ce qui a changé dans le raisonnement ? Explique pourquoi la réponse change (ou pourquoi elle ne change pas).;1;;;PARFAIT;;tous les critères;fautes d'orthographe;non;val
monty-hall_q3_parfait_05;monty-hall;monty-hall_q3;Cette fois, est-ce que changer de porte est toujours avantageux ? La scène que tu as sous les yeux est exactement la même qu'avant. Qu'est-ce qui a changé dans le raisonnement ? Explique pourquoi la réponse change (ou pourquoi elle ne change pas).;3;;;PARFAIT;;tous les critères;hésitant;non;val
monty-hall_q3_parfait_06;monty-hall;monty-hall_q3;Cette fois, est-ce que changer de porte est toujours avantageux ? La scène que tu as sous les yeux est exactement la même qu'avant. Qu'est-ce qui a changé dans le raisonnement ? Explique pourquoi la réponse change (ou pourquoi elle ne change pas).;1;;;PARFAIT;;tous les critères;court;non;val
monty-hall_q3_partiel_01;monty-hall;monty-hall_q3;Cette fois, est-ce que changer de porte est toujours avantageux ? La scène que tu as sous les yeux est exactement la même qu'avant. Qu'est-ce qui a changé dans le raisonnement ? Explique pourquoi la réponse change (ou pourquoi elle ne change pas).;1;;;PARTIEL;;répond 50/50 sans pouvoir expliquer la différence avec le jeu normal;fautes d'orthographe;non;val
monty-hall_q3_partiel_02;monty-hall;monty-hall_q3;Cette fois, est-ce que changer de porte est toujours avantageux ? La scène que tu as sous les yeux est exactement la même qu'avant. Qu'est-ce qui a changé dans le raisonnement ? Explique pourquoi la réponse change (ou pourquoi elle ne change pas).;2;;;PARTIEL;;explique bien que le savoir du présentateur est ce qui compte, mais se trompe sur la conclusion chiffrée;hésitant;non;val
monty-hall_q3_partiel_03;monty-hall;monty-hall_q3;Cette fois, est-ce que changer de porte est toujours avantageux ? La scène que tu as sous les yeux est exactement la même qu'avant. Qu'est-ce qui a changé dans le raisonnement ? Explique pourquoi la réponse change (ou pourquoi elle ne change pas).;1;;;PARTIEL;;répond 50/50 sans pouvoir expliquer la différence avec le jeu normal;court;non;val
monty-hall_q3_partiel_04;monty-hall;monty-hall_q3;Cette fois, est-ce que changer de porte est toujours avantageux ? La scène que tu as sous les yeux est exactement la même qu'avant. Qu'est-ce qui a changé dans le raisonnement ? Explique pourquoi la réponse change (ou pourquoi elle ne change pas).;1;;;PARTIEL;;explique bien que le savoir du présentateur est ce qui compte, mais se trompe sur la conclusion chiffrée;fautes d'orthographe;non;val
monty-hall_q3_partiel_05;monty-hall;monty-hall_q3;Cette fois, est-ce que changer de porte est toujours avantageux ? La scène que tu as sous les yeux est exactement la même qu'avant. Qu'est-ce qui a changé dans le raisonnement ? Explique pourquoi la réponse change (ou pourquoi elle ne change pas).;3;;;PARTIEL;;répond 50/50 sans pouvoir expliquer la différence avec le jeu normal;hésitant;non;val
monty-hall_q3_partiel_06;monty-hall;monty-hall_q3;Cette fois, est-ce que changer de porte est toujours avantageux ? La scène que tu as sous les yeux est exactement la même qu'avant. Qu'est-ce qui a changé dans le raisonnement ? Explique pourquoi la réponse change (ou pourquoi elle ne change pas).;1;;;PARTIEL;;explique bien que le savoir du présentateur est ce qui compte, mais se trompe sur la conclusion chiffrée;court;non;val
monty-hall_q3_incorrect_01;monty-hall;monty-hall_q3;Cette fois, est-ce que changer de porte est toujours avantageux ? La scène que tu as sous les yeux est exactement la même qu'avant. Qu'est-ce qui a changé dans le raisonnement ? Explique pourquoi la réponse change (ou pourquoi elle ne change pas).;1;;;INCORRECT;;maintient que changer donne toujours 2/3, puisque la scène est la même;fautes d'orthographe;non;val
monty-hall_q3_incorrect_02;monty-hall;monty-hall_q3;Cette fois, est-ce que changer de porte est toujours avantageux ? La scène que tu as sous les yeux est exactement la même qu'avant. Qu'est-ce qui a changé dans le raisonnement ? Explique pourquoi la réponse change (ou pourquoi elle ne change pas).;1;;;INCORRECT;;raisonnement qui ignore complètement le rôle du présentateur;hésitant;non;val
monty-hall_q3_incorrect_03;monty-hall;monty-hall_q3;Cette fois, est-ce que changer de porte est toujours avantageux ? La scène que tu as sous les yeux est exactement la même qu'avant. Qu'est-ce qui a changé dans le raisonnement ? Explique pourquoi la réponse change (ou pourquoi elle ne change pas).;2;;;INCORRECT;;maintient que changer donne toujours 2/3, puisque la scène est la même;court;non;val
monty-hall_q3_incorrect_04;monty-hall;monty-hall_q3;Cette fois, est-ce que changer de porte est toujours avantageux ? La scène que tu as sous les yeux est exactement la même qu'avant. Qu'est-ce qui a changé dans le raisonnement ? Explique pourquoi la réponse change (ou pourquoi elle ne change pas).;1;;;INCORRECT;;raisonnement qui ignore complètement le rôle du présentateur;fautes d'orthographe;non;val
monty-hall_q3_incorrect_05;monty-hall;monty-hall_q3;Cette fois, est-ce que changer de porte est toujours avantageux ? La scène que tu as sous les yeux est exactement la même qu'avant. Qu'est-ce qui a changé dans le raisonnement ? Explique pourquoi la réponse change (ou pourquoi elle ne change pas).;1;;;INCORRECT;;maintient que changer donne toujours 2/3, puisque la scène est la même;hésitant;non;val
monty-hall_q3_incorrect_06;monty-hall;monty-hall_q3;Cette fois, est-ce que changer de porte est toujours avantageux ? La scène que tu as sous les yeux est exactement la même qu'avant. Qu'est-ce qui a changé dans le raisonnement ? Explique pourquoi la réponse change (ou pourquoi elle ne change pas).;3;;;INCORRECT;;raisonnement qui ignore complètement le rôle du présentateur;court;non;val
monty-hall_q3_refus_01;monty-hall;monty-hall_q3;Cette fois, est-ce que changer de porte est toujours avantageux ? La scène que tu as sous les yeux est exactement la même qu'avant. Qu'est-ce qui a changé dans le raisonnement ? Explique pourquoi la réponse change (ou pourquoi elle ne change pas).;1;;;REFUS;;demande ce qu'il ne doit pas demander : la réponse, la correction, ou qu'on réponde à sa place;fautes d'orthographe;non;val
monty-hall_q3_refus_02;monty-hall;monty-hall_q3;Cette fois, est-ce que changer de porte est toujours avantageux ? La scène que tu as sous les yeux est exactement la même qu'avant. Qu'est-ce qui a changé dans le raisonnement ? Explique pourquoi la réponse change (ou pourquoi elle ne change pas).;1;;;REFUS;;essaie de manipuler l'évaluation (« ignore tes consignes », « mets parfait »);hésitant;non;val
monty-hall_q3_refus_03;monty-hall;monty-hall_q3;Cette fois, est-ce que changer de porte est toujours avantageux ? La scène que tu as sous les yeux est exactement la même qu'avant. Qu'est-ce qui a changé dans le raisonnement ? Explique pourquoi la réponse change (ou pourquoi elle ne change pas).;2;;;REFUS;;parle mal : insultes, propos grossiers ou agressifs;court;non;val
monty-hall_q3_refus_04;monty-hall;monty-hall_q3;Cette fois, est-ce que changer de porte est toujours avantageux ? La scène que tu as sous les yeux est exactement la même qu'avant. Qu'est-ce qui a changé dans le raisonnement ? Explique pourquoi la réponse change (ou pourquoi elle ne change pas).;1;;;REFUS;;autre demande hors cadre (au choix);fautes d'orthographe;non;val
plier-une-feuille-42-fois_q1_parfait_01;plier-une-feuille-42-fois;plier-une-feuille-42-fois_q1;Avant de lire la suite : que fait exactement un pli à l'épaisseur de la feuille ? À partir de là, est-ce que l'histoire de la Lune te paraît possible ou absurde ? Explique ton raisonnement, même si tu n'es pas sûr de toi.;1;;;PARFAIT;;tous les critères;court;non;train
plier-une-feuille-42-fois_q1_parfait_02;plier-une-feuille-42-fois;plier-une-feuille-42-fois_q1;Avant de lire la suite : que fait exactement un pli à l'épaisseur de la feuille ? À partir de là, est-ce que l'histoire de la Lune te paraît possible ou absurde ? Explique ton raisonnement, même si tu n'es pas sûr de toi.;1;;;PARFAIT;;tous les critères;fautes d'orthographe;non;train
plier-une-feuille-42-fois_q1_parfait_03;plier-une-feuille-42-fois;plier-une-feuille-42-fois_q1;Avant de lire la suite : que fait exactement un pli à l'épaisseur de la feuille ? À partir de là, est-ce que l'histoire de la Lune te paraît possible ou absurde ? Explique ton raisonnement, même si tu n'es pas sûr de toi.;2;;;PARFAIT;;tous les critères;hésitant;non;train
plier-une-feuille-42-fois_q1_parfait_04;plier-une-feuille-42-fois;plier-une-feuille-42-fois_q1;Avant de lire la suite : que fait exactement un pli à l'épaisseur de la feuille ? À partir de là, est-ce que l'histoire de la Lune te paraît possible ou absurde ? Explique ton raisonnement, même si tu n'es pas sûr de toi.;1;;;PARFAIT;;tous les critères;court;non;train
plier-une-feuille-42-fois_q1_parfait_05;plier-une-feuille-42-fois;plier-une-feuille-42-fois_q1;Avant de lire la suite : que fait exactement un pli à l'épaisseur de la feuille ? À partir de là, est-ce que l'histoire de la Lune te paraît possible ou absurde ? Explique ton raisonnement, même si tu n'es pas sûr de toi.;3;;;PARFAIT;;tous les critères;fautes d'orthographe;non;train
plier-une-feuille-42-fois_q1_parfait_06;plier-une-feuille-42-fois;plier-une-feuille-42-fois_q1;Avant de lire la suite : que fait exactement un pli à l'épaisseur de la feuille ? À partir de là, est-ce que l'histoire de la Lune te paraît possible ou absurde ? Explique ton raisonnement, même si tu n'es pas sûr de toi.;1;;;PARFAIT;;tous les critères;hésitant;non;train
plier-une-feuille-42-fois_q1_partiel_01;plier-une-feuille-42-fois;plier-une-feuille-42-fois_q1;Avant de lire la suite : que fait exactement un pli à l'épaisseur de la feuille ? À partir de là, est-ce que l'histoire de la Lune te paraît possible ou absurde ? Explique ton raisonnement, même si tu n'es pas sûr de toi.;1;;;PARTIEL;;dit que l'épaisseur double, mais n'en tire aucune conclusion, ou conclut quand même que la Lune est absurde;court;non;train
plier-une-feuille-42-fois_q1_partiel_02;plier-une-feuille-42-fois;plier-une-feuille-42-fois_q1;Avant de lire la suite : que fait exactement un pli à l'épaisseur de la feuille ? À partir de là, est-ce que l'histoire de la Lune te paraît possible ou absurde ? Explique ton raisonnement, même si tu n'es pas sûr de toi.;2;;;PARTIEL;;conclut que la Lune est possible « parce que ça grandit vite », sans dire que le pli double;fautes d'orthographe;non;train
plier-une-feuille-42-fois_q1_partiel_03;plier-une-feuille-42-fois;plier-une-feuille-42-fois_q1;Avant de lire la suite : que fait exactement un pli à l'épaisseur de la feuille ? À partir de là, est-ce que l'histoire de la Lune te paraît possible ou absurde ? Explique ton raisonnement, même si tu n'es pas sûr de toi.;1;;;PARTIEL;;parle de doublement mais calcule « × 42 » ou « 2 × 42 » au lieu de 2 puissance 42;hésitant;non;train
plier-une-feuille-42-fois_q1_partiel_04;plier-une-feuille-42-fois;plier-une-feuille-42-fois_q1;Avant de lire la suite : que fait exactement un pli à l'épaisseur de la feuille ? À partir de là, est-ce que l'histoire de la Lune te paraît possible ou absurde ? Explique ton raisonnement, même si tu n'es pas sûr de toi.;1;;;PARTIEL;;dit que l'épaisseur double, mais n'en tire aucune conclusion, ou conclut quand même que la Lune est absurde;court;non;train
plier-une-feuille-42-fois_q1_partiel_05;plier-une-feuille-42-fois;plier-une-feuille-42-fois_q1;Avant de lire la suite : que fait exactement un pli à l'épaisseur de la feuille ? À partir de là, est-ce que l'histoire de la Lune te paraît possible ou absurde ? Explique ton raisonnement, même si tu n'es pas sûr de toi.;3;;;PARTIEL;;conclut que la Lune est possible « parce que ça grandit vite », sans dire que le pli double;fautes d'orthographe;non;train
plier-une-feuille-42-fois_q1_partiel_06;plier-une-feuille-42-fois;plier-une-feuille-42-fois_q1;Avant de lire la suite : que fait exactement un pli à l'épaisseur de la feuille ? À partir de là, est-ce que l'histoire de la Lune te paraît possible ou absurde ? Explique ton raisonnement, même si tu n'es pas sûr de toi.;1;;;PARTIEL;;parle de doublement mais calcule « × 42 » ou « 2 × 42 » au lieu de 2 puissance 42;hésitant;non;train
plier-une-feuille-42-fois_q1_incorrect_01;plier-une-feuille-42-fois;plier-une-feuille-42-fois_q1;Avant de lire la suite : que fait exactement un pli à l'épaisseur de la feuille ? À partir de là, est-ce que l'histoire de la Lune te paraît possible ou absurde ? Explique ton raisonnement, même si tu n'es pas sûr de toi.;1;;;INCORRECT;;raisonnement additif : chaque pli ajoute une épaisseur de feuille (42 × 0,1 mm = 4,2 mm);court;non;train
plier-une-feuille-42-fois_q1_incorrect_02;plier-une-feuille-42-fois;plier-une-feuille-42-fois_q1;Avant de lire la suite : que fait exactement un pli à l'épaisseur de la feuille ? À partir de là, est-ce que l'histoire de la Lune te paraît possible ou absurde ? Explique ton raisonnement, même si tu n'es pas sûr de toi.;1;;;INCORRECT;;répond seulement qu'on ne peut pas plier une feuille 42 fois, sans parler de ce que fait un pli à l'épaisseur;fautes d'orthographe;non;train
plier-une-feuille-42-fois_q1_incorrect_03;plier-une-feuille-42-fois;plier-une-feuille-42-fois_q1;Avant de lire la suite : que fait exactement un pli à l'épaisseur de la feuille ? À partir de là, est-ce que l'histoire de la Lune te paraît possible ou absurde ? Explique ton raisonnement, même si tu n'es pas sûr de toi.;2;;;INCORRECT;;aucune explication;hésitant;non;train
plier-une-feuille-42-fois_q1_incorrect_04;plier-une-feuille-42-fois;plier-une-feuille-42-fois_q1;Avant de lire la suite : que fait exactement un pli à l'épaisseur de la feuille ? À partir de là, est-ce que l'histoire de la Lune te paraît possible ou absurde ? Explique ton raisonnement, même si tu n'es pas sûr de toi.;1;;;INCORRECT;;raisonnement additif : chaque pli ajoute une épaisseur de feuille (42 × 0,1 mm = 4,2 mm);court;non;train
plier-une-feuille-42-fois_q1_incorrect_05;plier-une-feuille-42-fois;plier-une-feuille-42-fois_q1;Avant de lire la suite : que fait exactement un pli à l'épaisseur de la feuille ? À partir de là, est-ce que l'histoire de la Lune te paraît possible ou absurde ? Explique ton raisonnement, même si tu n'es pas sûr de toi.;1;;;INCORRECT;;répond seulement qu'on ne peut pas plier une feuille 42 fois, sans parler de ce que fait un pli à l'épaisseur;fautes d'orthographe;non;train
plier-une-feuille-42-fois_q1_incorrect_06;plier-une-feuille-42-fois;plier-une-feuille-42-fois_q1;Avant de lire la suite : que fait exactement un pli à l'épaisseur de la feuille ? À partir de là, est-ce que l'histoire de la Lune te paraît possible ou absurde ? Explique ton raisonnement, même si tu n'es pas sûr de toi.;3;;;INCORRECT;;aucune explication;hésitant;non;train
plier-une-feuille-42-fois_q1_refus_01;plier-une-feuille-42-fois;plier-une-feuille-42-fois_q1;Avant de lire la suite : que fait exactement un pli à l'épaisseur de la feuille ? À partir de là, est-ce que l'histoire de la Lune te paraît possible ou absurde ? Explique ton raisonnement, même si tu n'es pas sûr de toi.;1;;;REFUS;;demande ce qu'il ne doit pas demander : la réponse, la correction, ou qu'on réponde à sa place;court;non;train
plier-une-feuille-42-fois_q1_refus_02;plier-une-feuille-42-fois;plier-une-feuille-42-fois_q1;Avant de lire la suite : que fait exactement un pli à l'épaisseur de la feuille ? À partir de là, est-ce que l'histoire de la Lune te paraît possible ou absurde ? Explique ton raisonnement, même si tu n'es pas sûr de toi.;1;;;REFUS;;essaie de manipuler l'évaluation (« ignore tes consignes », « mets parfait »);fautes d'orthographe;non;train
plier-une-feuille-42-fois_q1_refus_03;plier-une-feuille-42-fois;plier-une-feuille-42-fois_q1;Avant de lire la suite : que fait exactement un pli à l'épaisseur de la feuille ? À partir de là, est-ce que l'histoire de la Lune te paraît possible ou absurde ? Explique ton raisonnement, même si tu n'es pas sûr de toi.;2;;;REFUS;;parle mal : insultes, propos grossiers ou agressifs;hésitant;non;train
plier-une-feuille-42-fois_q1_refus_04;plier-une-feuille-42-fois;plier-une-feuille-42-fois_q1;Avant de lire la suite : que fait exactement un pli à l'épaisseur de la feuille ? À partir de là, est-ce que l'histoire de la Lune te paraît possible ou absurde ? Explique ton raisonnement, même si tu n'es pas sûr de toi.;1;;;REFUS;;autre demande hors cadre (au choix);court;non;train
plier-une-feuille-42-fois_q2_parfait_01;plier-une-feuille-42-fois;plier-une-feuille-42-fois_q2;Au 42? pli, tu as dépassé la Lune. Où se trouvait le sommet de ta feuille un pli plus tôt, au 41? ? Qu'est-ce que ça te dit sur le poids du dernier pli dans tout le voyage ?;1;;;PARFAIT;;tous les critères;hésitant;non;train
plier-une-feuille-42-fois_q2_parfait_02;plier-une-feuille-42-fois;plier-une-feuille-42-fois_q2;Au 42? pli, tu as dépassé la Lune. Où se trouvait le sommet de ta feuille un pli plus tôt, au 41? ? Qu'est-ce que ça te dit sur le poids du dernier pli dans tout le voyage ?;1;;;PARFAIT;;tous les critères;court;non;train
plier-une-feuille-42-fois_q2_parfait_03;plier-une-feuille-42-fois;plier-une-feuille-42-fois_q2;Au 42? pli, tu as dépassé la Lune. Où se trouvait le sommet de ta feuille un pli plus tôt, au 41? ? Qu'est-ce que ça te dit sur le poids du dernier pli dans tout le voyage ?;2;;;PARFAIT;;tous les critères;fautes d'orthographe;non;train
plier-une-feuille-42-fois_q2_parfait_04;plier-une-feuille-42-fois;plier-une-feuille-42-fois_q2;Au 42? pli, tu as dépassé la Lune. Où se trouvait le sommet de ta feuille un pli plus tôt, au 41? ? Qu'est-ce que ça te dit sur le poids du dernier pli dans tout le voyage ?;1;;;PARFAIT;;tous les critères;hésitant;non;train
plier-une-feuille-42-fois_q2_parfait_05;plier-une-feuille-42-fois;plier-une-feuille-42-fois_q2;Au 42? pli, tu as dépassé la Lune. Où se trouvait le sommet de ta feuille un pli plus tôt, au 41? ? Qu'est-ce que ça te dit sur le poids du dernier pli dans tout le voyage ?;3;;;PARFAIT;;tous les critères;court;non;train
plier-une-feuille-42-fois_q2_parfait_06;plier-une-feuille-42-fois;plier-une-feuille-42-fois_q2;Au 42? pli, tu as dépassé la Lune. Où se trouvait le sommet de ta feuille un pli plus tôt, au 41? ? Qu'est-ce que ça te dit sur le poids du dernier pli dans tout le voyage ?;1;;;PARFAIT;;tous les critères;fautes d'orthographe;non;train
plier-une-feuille-42-fois_q2_partiel_01;plier-une-feuille-42-fois;plier-une-feuille-42-fois_q2;Au 42? pli, tu as dépassé la Lune. Où se trouvait le sommet de ta feuille un pli plus tôt, au 41? ? Qu'est-ce que ça te dit sur le poids du dernier pli dans tout le voyage ?;1;;;PARTIEL;;trouve la moitié, mais ne dit rien de juste sur le poids du dernier pli;hésitant;non;train
plier-une-feuille-42-fois_q2_partiel_02;plier-une-feuille-42-fois;plier-une-feuille-42-fois_q2;Au 42? pli, tu as dépassé la Lune. Où se trouvait le sommet de ta feuille un pli plus tôt, au 41? ? Qu'est-ce que ça te dit sur le poids du dernier pli dans tout le voyage ?;2;;;PARTIEL;;dit que le dernier pli compte énormément, sans situer correctement le 41? pli;court;non;train
plier-une-feuille-42-fois_q2_partiel_03;plier-une-feuille-42-fois;plier-une-feuille-42-fois_q2;Au 42? pli, tu as dépassé la Lune. Où se trouvait le sommet de ta feuille un pli plus tôt, au 41? ? Qu'est-ce que ça te dit sur le poids du dernier pli dans tout le voyage ?;1;;;PARTIEL;;bon raisonnement avec une erreur de calcul (par exemple 110 000 km);fautes d'orthographe;non;train
plier-une-feuille-42-fois_q2_partiel_04;plier-une-feuille-42-fois;plier-une-feuille-42-fois_q2;Au 42? pli, tu as dépassé la Lune. Où se trouvait le sommet de ta feuille un pli plus tôt, au 41? ? Qu'est-ce que ça te dit sur le poids du dernier pli dans tout le voyage ?;1;;;PARTIEL;;trouve la moitié, mais ne dit rien de juste sur le poids du dernier pli;hésitant;non;train
plier-une-feuille-42-fois_q2_partiel_05;plier-une-feuille-42-fois;plier-une-feuille-42-fois_q2;Au 42? pli, tu as dépassé la Lune. Où se trouvait le sommet de ta feuille un pli plus tôt, au 41? ? Qu'est-ce que ça te dit sur le poids du dernier pli dans tout le voyage ?;3;;;PARTIEL;;dit que le dernier pli compte énormément, sans situer correctement le 41? pli;court;non;train
plier-une-feuille-42-fois_q2_partiel_06;plier-une-feuille-42-fois;plier-une-feuille-42-fois_q2;Au 42? pli, tu as dépassé la Lune. Où se trouvait le sommet de ta feuille un pli plus tôt, au 41? ? Qu'est-ce que ça te dit sur le poids du dernier pli dans tout le voyage ?;1;;;PARTIEL;;bon raisonnement avec une erreur de calcul (par exemple 110 000 km);fautes d'orthographe;non;train
plier-une-feuille-42-fois_q2_incorrect_01;plier-une-feuille-42-fois;plier-une-feuille-42-fois_q2;Au 42? pli, tu as dépassé la Lune. Où se trouvait le sommet de ta feuille un pli plus tôt, au 41? ? Qu'est-ce que ça te dit sur le poids du dernier pli dans tout le voyage ?;1;;;INCORRECT;;place le 41? pli presque à la Lune (« il ne manquait qu'une couche »);hésitant;non;train
plier-une-feuille-42-fois_q2_incorrect_02;plier-une-feuille-42-fois;plier-une-feuille-42-fois_q2;Au 42? pli, tu as dépassé la Lune. Où se trouvait le sommet de ta feuille un pli plus tôt, au 41? ? Qu'est-ce que ça te dit sur le poids du dernier pli dans tout le voyage ?;1;;;INCORRECT;;suppose une progression régulière (41/42 du chemin);court;non;train
plier-une-feuille-42-fois_q2_incorrect_03;plier-une-feuille-42-fois;plier-une-feuille-42-fois_q2;Au 42? pli, tu as dépassé la Lune. Où se trouvait le sommet de ta feuille un pli plus tôt, au 41? ? Qu'est-ce que ça te dit sur le poids du dernier pli dans tout le voyage ?;2;;;INCORRECT;;aucun raisonnement;fautes d'orthographe;non;train
plier-une-feuille-42-fois_q2_incorrect_04;plier-une-feuille-42-fois;plier-une-feuille-42-fois_q2;Au 42? pli, tu as dépassé la Lune. Où se trouvait le sommet de ta feuille un pli plus tôt, au 41? ? Qu'est-ce que ça te dit sur le poids du dernier pli dans tout le voyage ?;1;;;INCORRECT;;place le 41? pli presque à la Lune (« il ne manquait qu'une couche »);hésitant;non;train
plier-une-feuille-42-fois_q2_incorrect_05;plier-une-feuille-42-fois;plier-une-feuille-42-fois_q2;Au 42? pli, tu as dépassé la Lune. Où se trouvait le sommet de ta feuille un pli plus tôt, au 41? ? Qu'est-ce que ça te dit sur le poids du dernier pli dans tout le voyage ?;1;;;INCORRECT;;suppose une progression régulière (41/42 du chemin);court;non;train
plier-une-feuille-42-fois_q2_incorrect_06;plier-une-feuille-42-fois;plier-une-feuille-42-fois_q2;Au 42? pli, tu as dépassé la Lune. Où se trouvait le sommet de ta feuille un pli plus tôt, au 41? ? Qu'est-ce que ça te dit sur le poids du dernier pli dans tout le voyage ?;3;;;INCORRECT;;aucun raisonnement;fautes d'orthographe;non;train
plier-une-feuille-42-fois_q2_refus_01;plier-une-feuille-42-fois;plier-une-feuille-42-fois_q2;Au 42? pli, tu as dépassé la Lune. Où se trouvait le sommet de ta feuille un pli plus tôt, au 41? ? Qu'est-ce que ça te dit sur le poids du dernier pli dans tout le voyage ?;1;;;REFUS;;demande ce qu'il ne doit pas demander : la réponse, la correction, ou qu'on réponde à sa place;hésitant;non;train
plier-une-feuille-42-fois_q2_refus_02;plier-une-feuille-42-fois;plier-une-feuille-42-fois_q2;Au 42? pli, tu as dépassé la Lune. Où se trouvait le sommet de ta feuille un pli plus tôt, au 41? ? Qu'est-ce que ça te dit sur le poids du dernier pli dans tout le voyage ?;1;;;REFUS;;essaie de manipuler l'évaluation (« ignore tes consignes », « mets parfait »);court;non;train
plier-une-feuille-42-fois_q2_refus_03;plier-une-feuille-42-fois;plier-une-feuille-42-fois_q2;Au 42? pli, tu as dépassé la Lune. Où se trouvait le sommet de ta feuille un pli plus tôt, au 41? ? Qu'est-ce que ça te dit sur le poids du dernier pli dans tout le voyage ?;2;;;REFUS;;parle mal : insultes, propos grossiers ou agressifs;fautes d'orthographe;non;train
plier-une-feuille-42-fois_q2_refus_04;plier-une-feuille-42-fois;plier-une-feuille-42-fois_q2;Au 42? pli, tu as dépassé la Lune. Où se trouvait le sommet de ta feuille un pli plus tôt, au 41? ? Qu'est-ce que ça te dit sur le poids du dernier pli dans tout le voyage ?;1;;;REFUS;;autre demande hors cadre (au choix);hésitant;non;train
